sku,name,link,price
872908,Газонокосилка бензиновая самоходная MTD Smart 53 12A-H26K600,https://glavsnab.net/gazonokosilka-benzinovaya-samohodnaya-mtd-smart-53-12a-h26k600.html,74990.0000
872906,Газонокосилка бензиновая самоходная Cub Cadet 12ABPV9B603,https://glavsnab.net/gazonokosilka-benzinovaya-samohodnaya-cub-cadet-12abpv9b603.html,86790.0000
872905,Газонокосилка бензиновая самоходная Cub Cadet 12EBTV5E603,https://glavsnab.net/gazonokosilka-benzinovaya-samokhodnaya-cub-cadet-12ebtv5e603.html,85790.0000
872907,Газонокосилка бензиновая самоходная Cub Cadet Kawasaki 2DBPV7D603,https://glavsnab.net/gazonokosilka-benzinovaya-samohodnaya-cub-cadet-kawasaki-2dbpv7d603.html,88090.0000
294270,Снегоуборщик бензиновый Huter SGC 4000B,https://glavsnab.net/snegouborshchik-benzinovyy-huter-sgc-4000b.html,61990.0000
132812,Снегоуборщик бензиновый Huter SGC 4000,https://glavsnab.net/benzinovyy-snegouborshchik-huter-sgc-4000e.html,48790.0000
132814,Снегоуборщик бензиновый Huter SGC 4800,https://glavsnab.net/snegouborschik-benzinoviy-huter-sgc-4800.html,65490.0000
132813,Снегоуборщик бензиновый Huter SGC 4100,https://glavsnab.net/benzinovyy-snegouborshchik-huter-sgc-4100.html,53990.0000
294271,Снегоуборщик бензиновый Huter SGC 4800E,https://glavsnab.net/snegouborschik-benzinoviy-huter-sgc-4800e.html,66790.0000
132815,Снегоуборщик бензиновый Huter SGC 6000,https://glavsnab.net/benzinovyy-snegouborshchik-huter-sgc-6000.html,90390.0000
192393,Пила цепная электрическая Huter ELS-2000,https://glavsnab.net/elektropila-huter-els-2000.html,8290.0000
151029,Газонокосилка бензиновая самоходная Huter GLM-5.0 S ,https://glavsnab.net/gazonokosilka-benzinovaya-huter-glm-5-0-s.html,30390.0000
192394,Пила цепная электрическая Huter ELS-2000P,https://glavsnab.net/pila-cepnaya-elektricheskaya-huter-els-2000p.html,7390.0000
151027,Газонокосилка бензиновая Huter GLM-4.0,https://glavsnab.net/gazonokosilka-benzinovaya-huter-glm-4-0.html,22131.0000
244459,Газонокосилка аккумуляторная Greenworks G40LM35K2,https://glavsnab.net/gazonokosilka-akkumulyatornaya-greenworks-g40lm35k2.html,22990.0000
254122,Газонокосилка аккумуляторная Greenworks G40LM41,https://glavsnab.net/gazonokosilka-akkumulyatornaya-greenworks-g40lm41.html,24990.0000
522955,Бензопила Зубр Профессионал ПБЦ-560 45ДП      ,https://glavsnab.net/benzopila-zubr-professional-pbc-560-45dp.html,23740.0000
151042,Триммер электрический Huter GET-1000S,https://glavsnab.net/trimmer-elektricheskiy-huter-get-1000s.html,5391.0000
338277,Мотоблок бензиновый Зубр МТБ-300,https://glavsnab.net/motoblok-benzinovyy-zubr-mtb-300.html,40800.0000
151025,Триммер бензиновый Huter GGT-800S,https://glavsnab.net/trimmer-benzinoviy-huter-ggt-800s.html,8631.0000
151041,Мотокультиватор бензиновый Huter GMC-7.0,https://glavsnab.net/motokultivator-benzinoviy-huter-gmc-7-0.html,36081.0000
151031,Газонокосилка электрическая Huter ELM-1100,https://glavsnab.net/gazonokosilka-elektricheskaya-huter-elm-1100.html,7190.0000
147862,Бензопила Husqvarna 365 9670828-18,https://glavsnab.net/benzopila-husqvarna-365-9670828-18.html,86500.0000
151043,Триммер электрический Huter GET-1200SL,https://glavsnab.net/trimmer-elektricheskiy-huter-get-1200sl.html,6471.0000
856454,Бензорез Zitrek Z5000 WET 091-2002,https://glavsnab.net/benzorez-zitrek-z5000-wet-091-2002.html,32085.0000
132927,Снегоуборщик электрический Champion STE1650,https://glavsnab.net/snegouborschik-elektricheskiy-champion-ste1650.html,20790.0000
151039,Мотокультиватор бензиновый Huter GMC-5.5,https://glavsnab.net/motokultivator-benzinoviy-huter-gmc-5-5.html,27981.0000
151026,Триммер бензиновый Huter GGT-800T,https://glavsnab.net/trimmer-benzinoviy-huter-ggt-800t.html,7731.0000
258283,Воздуходувка-измельчитель бензиновая Champion GBV326S,https://glavsnab.net/vozduhoduvka-izmelchitel-benzinovaya-champion-gbv326s.html,14990.0000
151030,Газонокосилка электрическая Huter ELM-1000,https://glavsnab.net/gazonokosilka-elektricheskaya-huter-elm-1000.html,6111.0000
284461,Снегоуборщик бензиновый Hyundai S 5556,https://glavsnab.net/snegouborschik-benzinoviy-hyundai-s-5556.html,60990.0000
254121,Газонокосилка аккумуляторная Greenworks G40LM35 без аккумулятора и зарядного устройства,https://glavsnab.net/gazonokosilka-akkumulyatornaya-greenworks-g40lm35-bez-akkumulyatora-i-zaryadnogo-ustroystva.html,15990.0000
151037,Мотокультиватор бензиновый Huter GMC-1.8,https://glavsnab.net/motokultivator-benzinoviy-huter-gmc-1-8.html,16191.0000
082304,Пила цепная электрическая Patriot ESP 1814,https://glavsnab.net/pila-cepnaya-elektricheskaya-patriot-esp-1814.html,6490.0000
151045,Триммер электрический Huter GET-400,https://glavsnab.net/trimmer-elektricheskiy-huter-get-400.html,2151.0000
192387,Бензопила Huter BS-25,https://glavsnab.net/benzopila-huter-bs-25.html,10590.0000
180300,Высоторез-сучкорез аккумуляторный Greenworks G24PS20 без аккумулятора и зарядного устройства,https://glavsnab.net/visotorez-suchkorez-akkumulyatorniy-greenworks-g24ps20-bez-akkumulyatora-i-zaryadnogo-ustroystva.html,10990.0000
154758,Снегоуборщик бензиновый Patriot PS 301,https://glavsnab.net/snegouborschik-benzinoviy-patriot-ps-301.html,38090.0000
501036,Измельчитель кормов электрический Вихрь ЗД-350К 74/2/3,https://glavsnab.net/izmelchitel-kormov-elektricheskiy-vihr-zd-350k-74-2-3.html,6390.0000
501284,Триммер электрический Huter GET-500 70/1/27,https://glavsnab.net/trimmer-elektricheskiy-huter-get-500-70-1-27.html,2511.0000
501307,Пила цепная электрическая Huter ELS-2800 70/10/7,https://glavsnab.net/pila-cepnaya-elektricheskaya-huter-els-2800-70-10-7.html,10790.0000
509931,Мотоблок бензиновый с ВОМ Зубр МТШ-600,https://glavsnab.net/motoblok-benzinoviy-s-vom-zubr-mtsh-600.html,74840.0000
151024,Триммер бензиновый Huter GGT-2500T,https://glavsnab.net/trimmer-benzinoviy-huter-ggt-2500t.html,9261.0000
151046,Триммер электрический Huter GET-600,https://glavsnab.net/trimmer-elektricheskiy-huter-get-600.html,4311.0000
151020,Триммер бензиновый Huter GGT-1500T,https://glavsnab.net/trimmer-benzinoviy-huter-ggt-1500t.html,8001.0000
192395,Пила цепная электрическая Huter ELS-2400,https://glavsnab.net/elektropila-huter-els-2400.html,9390.0000
151019,Триммер бензиновый Huter GGT-1500S,https://glavsnab.net/trimmer-benzinoviy-huter-ggt-1500s.html,8001.0000
211054,Газонокосилка бензиновая самоходная Huter GLM-5.0 ST,https://glavsnab.net/gazonokosilka-benzinovaya-samohodnaya-huter-glm-5-0-st.html,25821.0000
501033,Дровокол электрический Huter HLS-5500H,https://glavsnab.net/drovokol-elektricheskiy-huter-hls-5500h.html,33490.0000
509069,Газонокосилка аккумуляторная Зубр Мастер ГКЛ-4336-42,https://glavsnab.net/gazonokosilka-akkumulyatornaya-zubr-master-gkl-4336-42.html,36170.0000
501037,Измельчитель кормов электрический Вихрь ЗД-400 74/2/2,https://glavsnab.net/izmelchitel-kormov-elektricheskiy-vihr-zd-400-74-2-2.html,7290.0000
244465,Высоторез электрический Greenworks GPS7220,https://glavsnab.net/vysotorez-elektricheskiy-greenworks-gps7220.html,8990.0000
151040,Мотокультиватор бензиновый Huter GMC-6.5,https://glavsnab.net/motokultivator-benzinoviy-huter-gmc-6-5.html,28521.0000
501303,Пила цепная электрическая Ресанта ЭП-2418 70/10/14,https://glavsnab.net/pila-cepnaya-elektricheskaya-resanta-ep-2418-70-10-14.html,10290.0000
132810,Снегоуборщик электрический Huter SGC 2000E,https://glavsnab.net/elektricheskiy-snegouborshchik-huter-sgc-2000e.html,18890.0000
509932,Мотоблок бензиновый с ВОМ Зубр МТШ-700,https://glavsnab.net/motoblok-benzinoviy-s-vom-zubr-mtsh-700.html,93390.0000
866309,Кусторез бензиновый Stiga SBC 646 D Comfort Easy Start 283421008/ST1 ,https://glavsnab.net/kustorez-benzinovyy-stiga-sbc-646-d-comfort-easy-start-283421008-st1.html,33350.0000
509684,Триммер бензиновый Зубр КРБ-2500,https://glavsnab.net/trimmer-benzinoviy-zubr-krb-2500.html,12220.0000
509070,Газонокосилка аккумуляторная Зубр Мастер ГКЛ-4336,https://glavsnab.net/gazonokosilka-akkumulyatornaya-zubr-master-gkl-4336.html,22500.0000
277493,Газонокосилка аккумуляторная Greenworks 60V GD60LM46SP,https://glavsnab.net/gazonokosilka-akkumulyatornaya-greenworks-60v-gd60lm46sp.html,36990.0000
132918,Снегоуборщик бензиновый Champion ST761E,https://glavsnab.net/snegouborschik-benzinoviy-champion-st761e.html,89990.0000
509183,Газонокосилка бензиновая  самоходная ЗУБР ГБС-510 ,https://glavsnab.net/gazonokosilka-benzinovaya-samokhodnaya-zubr-gbs-510.html,41910.0000
508879,Аккумуляторный триммер Зубр ТА-185 ,https://glavsnab.net/akkumulyatorniy-trimmer-zubr-ta-185.html,5450.0000
192389,Бензопила Huter BS-45,https://glavsnab.net/benzopila-huter-bs-45.html,9190.0000
211049,Триммер бензиновый Eurolux TR-1500T 70/2/17,https://glavsnab.net/trimmer-benzinoviy-eurolux-tr-1500t-70-2-17.html,6175.0000
501283,Триммер электрический Huter GET-1700B 70/1/8,https://glavsnab.net/trimmer-elektricheskiy-huter-get-1700b-70-1-8.html,8271.0000
522951,Бензопила Зубр Профессионал ПБЦ-370 35П,https://glavsnab.net/benzopila-zubr-professional-pbts-370-35p.html,15740.0000
856935,Триммер аккумуляторный Zitrek GreenCut 12 082-2000,https://glavsnab.net/trimmer-akkumulyatorniy-zitrek-greencut-12-082-2000.html,2542
151038,Мотокультиватор бензиновый Huter GMC-5.0,https://glavsnab.net/motokultivator-benzinoviy-huter-gmc-5-0.html,26361.0000
180319,Цепь для цепной пилы Greenworks 29767 40 см,https://glavsnab.net/cep-dlya-pili-greenworks-109214.html,1150.0000
151035,Мотоблок бензиновый Huter GMC-7.5,https://glavsnab.net/motoblok-benzinovyy-huter-gmc-7-5.html,30299.0000
856916,Ножницы садовые аккумуляторные Deko DKGS3.6 063-4244,https://glavsnab.net/nozhnitsy-sadovyye-akkumulyatornyye-deko-dkgs3-6-063-4244.html,2533
827686,Пила цепная электрическая IVT GCHS-45 ,https://glavsnab.net/pila-cepnaya-elektricheskaya-ivt-gchs-45.html,3529.0000
464451,Снегоуборщик Patriot PS 603 426108603,https://glavsnab.net/snegouborschik-patriot-ps-603.html,60990.0000
151021,Триммер бензиновый Huter GGT-1900S,https://glavsnab.net/trimmer-benzinoviy-huter-ggt-1900s.html,8181.0000
508870,Газонокосилка сетевая Зубр ГСЦ-38-1700 ,https://glavsnab.net/gazonokosilka-setevaya-zubr-gsts-38-1700-1700-vt.html,14260.0000
856944,Триммер электрический Deko DKTR1500 063-4227,https://glavsnab.net/trimmer-elektricheskiy-deko-dktr1500-063-4227.html,7992
521484,Крепление для подвязки растений Grinda 8-422381-H50_z01 125мм 50шт,https://glavsnab.net/kreplenie-dlya-podvyazki-rasteniy-grinda-8-422381-h50-z01-125mm-50sht.html,113
338265,Культиватор бензиновый Зубр МКТ-150,https://glavsnab.net/kultivator-benzinovyy-zubr-mkt-150.html,29550.0000
500985,Газонокосилка электрическая Ресанта КР-1500 ЭТ 70/4/13,https://glavsnab.net/gazonokosilka-elektricheskaya-resanta-kr-1500-et-70-3-13.html,10611.0000
192392,Бензопила Huter BS-62,https://glavsnab.net/benzopila-huter-bs-62.html,11690.0000
338260,Мотобур бензиновый Зубр МБ1-200 Н со шнеком,https://glavsnab.net/motobur-benzinovyy-zubr-mb1-200-n-so-shnekom.html,21620.0000
508878,Аккумуляторный триммер Зубр ТА-185-21 с АКБ,https://glavsnab.net/akkumulyatornyy-trimmer-zubr-ta-185-21-s-akb.html,10720.0000
151044,Триммер электрический Huter GET-1500SL,https://glavsnab.net/trimmer-elektricheskiy-huter-get-1500sl.html,8090.0000
192388,Бензопила Huter BS-40,https://glavsnab.net/benzopila-huter-bs-40.html,10390.0000
447900,Воздуходувка электрическая Alteco EB 650,https://glavsnab.net/vozduhoduvka-elektricheskaya-alteco-eb-650.html,2866.0000
151018,Триммер бензиновый Huter GGT-1300T,https://glavsnab.net/trimmer-benzinoviy-huter-ggt-1300t.html,8390.0000
211053,Газонокосилка бензиновая Huter GLM-3.5T,https://glavsnab.net/gazonokosilka-benzinovaya-huter-glm-3-5t.html,19701.0000
151016,Триммер бензиновый Huter GGT-1000T,https://glavsnab.net/trimmer-benzinoviy-huter-ggt-1000t.html,7911.0000
509072,Бензопила Зубр Мастер ПЦЛ-3635-42,https://glavsnab.net/benzopila-zubr-master-pcl-3635-42.html,27700.0000
254143,Ключ безопасности газонокосилки 40V Greenworks 29547,https://glavsnab.net/klyuch-bezopasnosti-gazonokosilki-40v-greenworks-29547.html,350.0000
441854,Скарификатор-аэратор Makita UV3600,https://glavsnab.net/skarifikator-aerator-makita-uv3600.html,48906.0000
509074,Аккумуляторный триммер Зубр Мастер ТАБ-365-22,https://glavsnab.net/akkumulyatorniy-trimmer-zubr-master-tab-365-22.html,24320.0000
509683,Триммер бензиновый Зубр КРБ-1300,https://glavsnab.net/trimmer-benzinoviy-zubr-krb-1300.html,11440.0000
509145,Газонокосилка бензиновая Зубр ГБ-460,https://glavsnab.net/gazonokosilka-benzinovaya-zubr-gb-460.html,30570.0000
277472,Газонокосилка аккумуляторная Greenworks G-MAX 40V GD40LM46SP,https://glavsnab.net/gazonokosilka-akkumulyatornaya-greenworks-g-max-40v-gd40lm46sp.html,31990.0000
509068,Газонокосилка аккумуляторная Зубр Мастер ГКЛ-3736-42,https://glavsnab.net/gazonokosilka-akkumulyatornaya-zubr-master-gkl-3736-42.html,32930.0000
520771,Садовый измельчитель Зубр Мастер ЗИЭ-44-2800,https://glavsnab.net/sadoviy-izmelchitel-zubr-master-zie-44-2800.html,27220.0000
501281,Триммер электрический Huter GET-1500B 70/1/7,https://glavsnab.net/trimmer-elektricheskiy-huter-get-1500b-70-1-7.html,7461.0000
509930,Мотоблок бензиновый с ВОМ Зубр МТШ-500,https://glavsnab.net/motoblok-benzinoviy-s-vom-zubr-mtsh-500.html,47000.0000
151017,Триммер бензиновый Huter GGT-1300S,https://glavsnab.net/trimmer-benzinoviy-huter-ggt-1300s.html,7371.0000
151015,Триммер бензиновый Huter GGT-1000S,https://glavsnab.net/trimmer-benzinovyy-huter-ggt-1000s.html,7731.0000
509075,Аккумуляторный триммер Зубр Мастер ТАБ-365,https://glavsnab.net/akkumulyatorniy-trimmer-zubr-master-tab-365.html,17270.0000
856917,Ножницы садовые аккумуляторные Deko DKGS7.2 063-4245,https://glavsnab.net/nozhnici-sadovie-akkumulyatornie-deko-dkgs7-2-063-4245.html,2909
132816,Снегоуборщик бензиновый Huter SGC 8100,https://glavsnab.net/benzinovyy-snegouborshchik-huter-sgc-8100.html,114190.0000
284463,Снегоуборщик бензиновый Hyundai S 7066,https://glavsnab.net/snegouborschik-benzinoviy-hyundai-s-7066.html,108990.0000
151033,Газонокосилка электрическая Huter ELM-1400T,https://glavsnab.net/gazonokosilka-elektricheskaya-huter-elm-1400t.html,9621.0000
338264,Мотобур бензиновый Зубр МБ2-300 Н со шнеком,https://glavsnab.net/motobur-benzinoviy-zubr-mb2-300-n-so-shnekom.html,26340.0000
509116,Газонокосилка бензиновая Зубр ГБ-400 облегченная,https://glavsnab.net/gazonokosilka-benzinovaya-zubr-gb-400-oblegchennaya.html,21330.0000
509929,Мотоблок бензиновый усиленный Зубр МТУ-450,https://glavsnab.net/motoblok-benzinoviy-usilenniy-zubr-mtu-450.html,56490.0000
507794,Аэратор-скарификатор Зубр Мастер ЗСЭ-32-1000,https://glavsnab.net/aerator-skarifikator-zubr-master-zse-32-1000.html,14060.0000
464450,Снегоуборщик Patriot PS 601,https://glavsnab.net/snegouborschik-patriot-ps-601.html,57090.0000
151022,Триммер бензиновый Huter GGT-1900T,https://glavsnab.net/trimmer-benzinoviy-huter-ggt-1900t.html,8271.0000
192390,Бензопила Huter BS-45М,https://glavsnab.net/benzopila-huter-bs-45m.html,9090.0000
338256,Культиватор электрический Зубр Мастер ККД-1800,https://glavsnab.net/kultivator-elektricheskiy-zubr-master-kkd-1800.html,16770.0000
856946,Триммер электрический Deko DKTR400 063-4233,https://glavsnab.net/trimmer-elektricheskiy-deko-dktr400-063-4233.html,1871
878050,Газонокосилка бензиновая Fubag FPL 42 31775,https://glavsnab.net/gazonokosilka-benzinovaya-fubag-fpl-42-31775.html,21400.0000
211050,Триммер бензиновый Eurolux TR-1900T 70/2/18,https://glavsnab.net/trimmer-benzinoviy-eurolux-tr-1500t-70-2-17-a87.html,6261.0000
211048,Триммер бензиновый Eurolux TR-1300T 70/2/16,https://glavsnab.net/trimmer-benzinoviy-eurolux-tr-1300t-70-2-16.html,6077.0000
258342,Пила цепная электрическая Champion 120-14,https://glavsnab.net/pila-cepnaya-elektricheskaya-champion-120-14.html,5790.0000
211053,Газонокосилка бензиновая Huter GLM-3.5T,https://glavsnab.net/gazonokosilka-benzinovaya-huter-glm-3-5t.html,19701.0000
441854,Скарификатор-аэратор Makita UV3600,https://glavsnab.net/skarifikator-aerator-makita-uv3600.html,48906.0000
151016,Триммер бензиновый Huter GGT-1000T,https://glavsnab.net/trimmer-benzinoviy-huter-ggt-1000t.html,7911.0000
509072,Бензопила Зубр Мастер ПЦЛ-3635-42,https://glavsnab.net/benzopila-zubr-master-pcl-3635-42.html,27700.0000
254143,Ключ безопасности газонокосилки 40V Greenworks 29547,https://glavsnab.net/klyuch-bezopasnosti-gazonokosilki-40v-greenworks-29547.html,350.0000
509074,Аккумуляторный триммер Зубр Мастер ТАБ-365-22,https://glavsnab.net/akkumulyatorniy-trimmer-zubr-master-tab-365-22.html,24320.0000
509683,Триммер бензиновый Зубр КРБ-1300,https://glavsnab.net/trimmer-benzinoviy-zubr-krb-1300.html,11440.0000
509145,Газонокосилка бензиновая Зубр ГБ-460,https://glavsnab.net/gazonokosilka-benzinovaya-zubr-gb-460.html,30570.0000
277472,Газонокосилка аккумуляторная Greenworks G-MAX 40V GD40LM46SP,https://glavsnab.net/gazonokosilka-akkumulyatornaya-greenworks-g-max-40v-gd40lm46sp.html,31990.0000
501281,Триммер электрический Huter GET-1500B 70/1/7,https://glavsnab.net/trimmer-elektricheskiy-huter-get-1500b-70-1-7.html,7461.0000
509068,Газонокосилка аккумуляторная Зубр Мастер ГКЛ-3736-42,https://glavsnab.net/gazonokosilka-akkumulyatornaya-zubr-master-gkl-3736-42.html,32930.0000
520771,Садовый измельчитель Зубр Мастер ЗИЭ-44-2800,https://glavsnab.net/sadoviy-izmelchitel-zubr-master-zie-44-2800.html,27220.0000
132919,Снегоуборщик бензиновый Champion ST762E,https://glavsnab.net/snegouborschik-benzinoviy-champion-st762e.html,85290.0000
132916,Снегоуборщик бензиновый Champion ST656BS,https://glavsnab.net/snegouborschik-benzinoviy-champion-st656bs.html,106690.0000
132913,Снегоуборщик бензиновый Champion ST556,https://glavsnab.net/snegouborschik-benzinoviy-champion-st556.html,50690.0000
132817,Снегоуборщик бензиновый Huter SGC 8100C,https://glavsnab.net/benzinovyy-snegouborshchik-huter-sgc-8100c.html,142990.0000
132915,Снегоуборщик бензиновый Champion ST656,https://glavsnab.net/snegouborschik-benzinoviy-champion-st656.html,61890.0000
277491,Газонокосилка аккумуляторная Greenworks 60V GD60LM46HP,https://glavsnab.net/gazonokosilka-akkumulyatornaya-greenworks-60v-gd60lm46hp.html,27990.0000
975328,Газонокосилка аккумуляторная Makita LXT XPT DLM538Z 2х18В 860Вт 4 в 1,https://glavsnab.net/gazonokosilka-akkumulyatornaya-makita-lxt-xpt-dlm538z-2h18v-860vt-4-v-1.html,100693.0000
856914,Воздуходувка садовая электрическая Deko DKBL3000 065-0953,https://glavsnab.net/vozduhoduvka-sadovaya-elektricheskaya-deko-dkbl3000-065-0953.html,3587
918435,"Бензопила Deko DKCHS 62-20 065-1225 3,7 л.с 20 дюйм",https://glavsnab.net/benzopila-deko-dkchs-62-20-065-1225-3-7-l-s-20-dyuym.html,10053
486114,Кусторез аккумуляторный Denzel G801E ,https://glavsnab.net/kustorez-akkumulyatorniy-denzel-g801e.html,5650.0000
975428,Нож для газонокосилки Makita 191Y64-6 480 мм,https://glavsnab.net/nozh-dlya-gazonokosilki-makita-191y64-6-480-mm.html,2440.0000
878140,Бензопила Fubag FPS 37 38705,https://glavsnab.net/benzopila-fubag-fps-37-38705.html,13780.0000
930068,Триммер-газонокосилка аккумуляторный Zitrek GreenCut 12 Pro 12В Li-ion,https://glavsnab.net/trimmer-gazonokosilka-akkumulyatorniy-zitrek-greencut-12-pro-12v-li-ion.html,3132
500976,Газонокосилка бензиновая Ресанта КР-6.0 БТ 70/3/13,https://glavsnab.net/gazonokosilka-benzinovaya-resanta-kr-6-0-bt-70-3-13.html,41890.0000
956494,Бензопила Eurolux GS-6220,https://glavsnab.net/benzopila-eurolux-gs-6220.html,8098.0000
500944,Бензопила Ресанта БП-5220 70/6/15,https://glavsnab.net/benzopila-resanta-bp-5220-70-6-15.html,11390.0000
956541,Ремень ранцевый для триммера Huter 71/2/15,https://glavsnab.net/remen-ranceviy-dlya-trimmera-huter-71-2-15.html,857.0000
907761,Грунтозацеп для мотоблока Зубр ГР-2 707105-2 430х200 мм 2 шт,https://glavsnab.net/gruntozacep-dlya-motobloka-zubr-gr-2-707105-2-430h200-mm-2-sht.html,3675
957925,Бензопила Fubag FPS 46 38706,https://glavsnab.net/benzopila-fubag-fps-46-38706.html,14300.0000
908087,Снегоуборщик бензиновый Extrem Steher GST-756 56 см ,https://glavsnab.net/snegouborshchik-benzinovyy-extrem-steher-gst-756-56-sm.html,59140.0000
535306,Триммер электрический Maxcut MCE 106 025300106,https://glavsnab.net/trimmer-elektricheskiy-maxcut-mce-106-025300106.html,1750.0000
908069,Мотоблок Steher GT-330 L,https://glavsnab.net/motoblok-steher-gt-330-l.html,33064
338262,Мотобур бензиновый Зубр МБ2-250 Н со шнеком,https://glavsnab.net/motobur-benzinoviy-zubr-mb2-250-n-so-shnekom.html,24320.0000
975413,Нож для газонокосилки Makita 1910N1-8 460 мм,https://glavsnab.net/nozh-dlya-gazonokosilki-makita-1910n1-8-460-mm.html,2800.0000
859582,Воздуходувка бензиновая Champion GBR333,https://glavsnab.net/vozduhoduvka-benzinovaya-champion-gbr333.html,14990.0000
920003,Бензопила Fubag FPS 56 38707,https://glavsnab.net/benzopila-fubag-fps-56-38707.html,15120.0000
500982,Газонокосилка бензиновая Huter GLM-5.0 L,https://glavsnab.net/gazonokosilka-benzinovaya-huter-glm-5-0-l.html,30321.0000
975462,Пила цепная аккумуляторная Makita  WG UC004GZ,https://glavsnab.net/pila-cepnaya-akkumulyatornaya-makita-wg-uc004gz.html,48906.0000
878249,Пила цепная электрическая Fubag FES2016С 31202,https://glavsnab.net/pila-cepnaya-elektricheskaya-fubag-fes2016s-31202.html,7669.0000
940016,Нож для триммера Зубр НТ-4 71145 4T 255 мм,https://glavsnab.net/nozh-dlya-trimmera-zubr-nt-4-71145-4t-255-mm.html,491
501276,Триммер электрический Ресанта ЭТ-1700НВ 70/1/24,https://glavsnab.net/trimmer-elektricheskiy-resanta-et-1700nv-70-1-24.html,9171.0000
956568,Леска Huter R2412 круг,https://glavsnab.net/leska-huter-r2412-krug.html,165.0000
901351,"Леска для триммера Fit 78007 2,5 мм квадрат 25 м ",https://glavsnab.net/leska-dlya-trimmera-fit-78007-2-5-mm-kvadrat-25-m.html,189.0000
956604,Триммер-кусторез электрический Huter GET-7551,https://glavsnab.net/trimmer-kustorez-elektricheskiy-huter-get-7551.html,5391.0000
520456,Цепь для бензопилы Зубр 70302-45 18 дюймов,https://glavsnab.net/cep-dlya-benzopili-zubr-70302-45-18-dyuymov.html,806
907781,Триммер сетевой Зубр ТСН-25-300 300 Вт,https://glavsnab.net/trimmer-setevoy-zubr-tsn-25-300-300-vt.html,3400.0000
244466,Воздуходув аккумуляторный Greenworks G40ABK4,https://glavsnab.net/vozduhoduv-akkumulyatorniy-greenworks-g40abk4.html,14990.0000
970670,Ножницы аккумуляторные Makita CXT UH201DWA,https://glavsnab.net/nozhnici-akkumulyatornie-makita-cxt-uh201dwa.html,20136.0000
265258,Триммер бензиновый Patriot PT 3555ES Country с неразборной штангой,https://glavsnab.net/trimmer-benzinoviy-patriot-pt-3555es-country-s-nerazbornoy-shtangoy.html,11890.0000
975326,Воздуходувка аккумуляторная Makita PDC BL 36В/40MAX UB001CZ,https://glavsnab.net/vozdukhoduvka-akkumulyatornaya-makita-pdc-bl-36v-40max-ub001cz.html,51784.0000
826820,Леска для триммера Волат шестигранное сечение 51040-03 3 мм 15 м,https://glavsnab.net/leska-dlya-trimmera-volat-shestigrannoe-sechenie-51040-03-3-mm-15-m.html,97.0000
918490,Кусторез электрический Deko DKBC750  065-1206,https://glavsnab.net/kustorez-elektricheskiy-deko-dkbc750-065-1206.html,5079
975426,Нож для газонокосилки Makita 1913H0-6 380 мм,https://glavsnab.net/nozh-dlya-gazonokosilki-makita-1913h0-6-380-mm.html,1520.0000
917114,Снегоуборщик бензиновый TOR ST-710 Loncin 1032726 с электростартером,https://glavsnab.net/snegouborschik-benzinoviy-tor-st-710-loncin-1032726-s-elektrostarterom.html,107152.0000
501085,Мотокультиватор Huter 70/5/22 GMC-2.8 ,https://glavsnab.net/motokultivator-huter-70-5-22-gmc-2-8.html,14061.0000
975456,Пила цепная Makita DUC355Z,https://glavsnab.net/pila-cepnaya-makita-duc355z.html,48906.0000
956544,Культиватор электрический Huter ЕМС-1600,https://glavsnab.net/kultivator-elektricheskiy-huter-ems-1600.html,12190.0000
501083,Мотокультиватор Ресанта БМК-6.5 ,https://glavsnab.net/motokultivator-resanta-bmk-6-5.html,31491.0000
956699,Плуг универсальный усиленный Huter 71/3/62 220 мм,https://glavsnab.net/plug-universalniy-usilenniy-huter-71-3-62-220-mm.html,1825.0000
901482,Леска для садовых триммеров Fit 78034 армированная алюминием круглая 3 мм 15 м,https://glavsnab.net/leska-dlya-sadovih-trimmerov-fit-78034-armirovannaya-alyuminiem-kruglaya-3-mm-15-m.html,214.0000
957952,"Катушка шпуля полуавтоматическая Fubag FST 38727 с облегченной заправкой M10x1,25",https://glavsnab.net/katushka-shpulya-poluavtomaticheskaya-fubag-fst-38727-s-oblegchennoy-zapravkoy-m10x1-25.html,1023.0000
522159,Мотобур Зубр МБ2-250 d 60 52 см3,https://glavsnab.net/motobur-zubr-mb2-250-d-60-52-sm3.html,21480.0000
908060,Культиватор электрический Steher EK-1700,https://glavsnab.net/kultivator-elektricheskiy-steher-ek-1700.html,13480
535281,Свечи для 2-х тактных двигателей Patriot L7T 841102210,https://glavsnab.net/svechi-dlya-2-kh-taktnykh-dvigateley-patriot-l7t-841102210.html,133.0000
908070,Мотоблок Steher GT-430 L,https://glavsnab.net/motoblok-steher-gt-430-l.html,34750
975411,Нож для бензокосы Makita 195299-1 EBH341U,https://glavsnab.net/nozh-dlya-benzokosy-makita-195299-1-ebh341u.html,1270.0000
856947,Триммер электрический Deko DKTR550 063-4234,https://glavsnab.net/trimmer-elektricheskiy-deko-dktr550-063-4234.html,2300
920001,Бензопила Champion A237-16,https://glavsnab.net/benzopila-champion-a237-16.html,10690.0000
500971,Воздуходувка бензиновая Huter GB-26,https://glavsnab.net/vozduhoduvka-benzinovaya-huter-gb-26.html,10790.0000
975460,Пила цепная аккумуляторная Makita DUC353PT2,https://glavsnab.net/pila-cepnaya-akkumulyatornaya-makita-duc353pt2.html,92060.0000
878051,Газонокосилка бензиновая Fubag FPL 46 31776,https://glavsnab.net/gazonokosilka-benzinovaya-fubag-fpl-46-31776.html,26100.0000
939945,Картофелевыкапыватель для мотоблоков Зубр КВ-2 707103-2 без сцепки ,https://glavsnab.net/kartofelevykapyvatel-dlya-motoblokov-zubr-kv-2-707103-2-bez-stsepki.html,1604
501275,Триммер электрический Ресанта ЭТ-1500НВ 70/1/22,https://glavsnab.net/trimmer-elektricheskiy-resanta-et-1500nv-70-1-22.html,8631.0000
956535,Леска Huter R1215 круг,https://glavsnab.net/leska-huter-r1215-krug.html,107.0000
901996,Леска для триммера Fit 77984 2 мм квадрат 15 м ,https://glavsnab.net/leska-dlya-trimmera-fit-77984-2-mm-kvadrat-15-m.html,90.0000
956552,"Триммер-кусторез аккумуляторный электрический Huter GET-3,6H",https://glavsnab.net/trimmer-kustorez-akkumulyatorniy-elektricheskiy-huter-get-3-6h.html,3321.0000
520457,Шина для бензопилы Зубр 70203-50 20 дюймов,https://glavsnab.net/shina-dlya-benzopili-zubr-70203-50-20-dyuymov.html,963
907497,Триммер сетевой Steher TEL-25-410 400 Вт,https://glavsnab.net/trimmer-setevoy-steher-tel-25-410-400-vt.html,2564
535281,Свечи для 2-х тактных двигателей Patriot L7T 841102210,https://glavsnab.net/svechi-dlya-2-kh-taktnykh-dvigateley-patriot-l7t-841102210.html,133.0000
975338,"Головка триммерная Makita 198848-3 с пластиковым ножом М8х1,25RH",https://glavsnab.net/golovka-trimmernaya-makita-198848-3-s-plastikovim-nozhom-m8h1-25rh.html,1970.0000
826929,Леска для триммера Волат квадратное сечение 51040-02 3 мм 15 м,https://glavsnab.net/leska-dlya-trimmera-volat-kvadratnoe-sechenie-51040-02-3-mm-15-m.html,104.0000
975418,Нож для газонокосилки Makita 191D52-7 530 мм,https://glavsnab.net/nozh-dlya-gazonokosilki-makita-191d52-7-530-mm.html,2920.0000
464410,Бензопила цепная Maxcut MC 146,https://glavsnab.net/benzopila-cepnaya-maxcut-mc-146.html,6290.0000
919997,Пила цепная бензиновая Felisatti ПЦБ-20/58Л2 333.5.0.00,https://glavsnab.net/pila-cepnaya-benzinovaya-felisatti-pcb-20-58l2-333-5-0-00.html,10130.0000
859789,Удлинитель для шнека Champion C8065 750 мм,https://glavsnab.net/udlinitel-dlya-shneka-champion-c8065-750-mm.html,1920.0000
975488,Цепь пильная Makita 196212-2 350 мм 3/8 дюйма 52 зуба,https://glavsnab.net/tsep-pilnaya-makita-196212-2-350-mm-3-8-dyuyma-52-zuba.html,1240.0000
501082,Мотобур Huter 70/13/18 GGD-62,https://glavsnab.net/motobur-huter-70-13-18-ggd-62.html,14890.0000
940001,"Цепь для бензопил Зубр  70305-40  0,325 дюйма 66 звеньев",https://glavsnab.net/tsep-dlya-benzopil-zubr-70305-40-0-325-dyuyma.html,668
501159,Мотокультиватор бензиновый Huter MK-8000 Big Foot 70/5/13,https://glavsnab.net/motokultivator-benzinoviy-huter-mk-8000-big-foot-70-5-13.html,39999.0000
956548,Леска Huter S3012 звезда,https://glavsnab.net/leska-huter-s3012-zvezda.html,260.0000
901454,"Леска для триммера Fit 78002 2,5 мм звездочка 25 м ",https://glavsnab.net/leska-dlya-trimmera-fit-78002-2-5-mm-zvezdochka-25-m.html,189.0000
956533,Цепь для цепной пилы С3 Huter 71/4/8,https://glavsnab.net/cep-dlya-cepnoy-pili-s3-huter-71-4-8.html,723.0000
907733,Пила электрическая цепная Зубр ПЦ-2240,https://glavsnab.net/pila-elektricheskaya-cepnaya-zubr-pc-2240.html,10440.0000
522954,Бензопила Зубр Профессионал ПБЦ-490 45ДП       ,https://glavsnab.net/benzopila-zubr-professional-pbc-490-45dp.html,22880.0000
970666,Пила цепная Makita CXT BL 12В UC100DWA аккумуляторная ,https://glavsnab.net/pila-tsepnaya-akkumulyatornaya-makita-cxt-bl-12v-uc100dwa.html,34808.0000
908150,Измельчитель садовый электрический Зубр ЗИЭ-40-2300 2300 Вт ,https://glavsnab.net/izmelchitel-sadoviy-elektricheskiy-zubr-zie-40-2300-2300-vt.html,14220.0000
338255,Культиватор электрический Зубр Мастер КАД-2500,https://glavsnab.net/kultivator-elektricheskiy-zubr-master-kad-2500.html,35580.0000
918655,Ножницы садовые Zitrek ZKGS7.2 Pro 082-2007 аккумуляторные  с удлинительной ручкой ,https://glavsnab.net/nozhnici-sadovie-zitrek-zkgs7-2-pro-082-2007-akkumulyatornie-s-udlinitelnoy-ruchkoy.html,3033
975431,"Нож для триммера Makita D-66064 2 зуба 255x25,4 мм",https://glavsnab.net/nozh-dlya-trimmera-makita-d-66064-2-zuba-255x25-4-mm.html,570.0000
500940,Триммер бензиновый Huter GGT-2900T PRO,https://glavsnab.net/trimmer-benzinoviy-huter-ggt-2900t-pro.html,12861.0000
939275,Садовый трактор Husqvarna TC 242T 9605102-02,https://glavsnab.net/sadoviy-traktor-husqvarna-tc-242t-9605102-02.html,692990.0000
878187,Мотобур Fubag FPB 71 38273,https://glavsnab.net/motobur-fubag-fpb-71-38273.html,20280.0000
956557,Головка с леской Huter ETH-600 для GET-600 ENB,https://glavsnab.net/golovka-s-leskoy-huter-eth-600-dlya-get-600-enb.html,675.0000
956738,Свеча зажигания Huter 71/2/28 4T F7RTC,https://glavsnab.net/svecha-zazhiganiya-huter-71-2-28-4t-f7rtc.html,223.0000
907477,Газонокосилка бензиновая самоходная Steher GLM-460p,https://glavsnab.net/gazonokosilka-benzinovaya-samohodnaya-steher-glm-460p.html,30379
520453,Шина для бензопилы Зубр 70202-40 16 дюймов,https://glavsnab.net/shina-dlya-benzopili-zubr-70202-40-16-dyuymov.html,816
908090,Снегоуборщик бензиновый Extrem Steher GST-762E 62 см ,https://glavsnab.net/snegouborschik-benzinoviy-extrem-steher-gst-762e-62-sm.html,82020.0000
535023,Бензопила Eurolux GS-5220,https://glavsnab.net/benzopila-eurolux-gs-5220.html,7711.0000
975336,"Головка триммерная полуавтоматическая Makita 191D91-7 M8x1,25LH с быстрой намоткой",https://glavsnab.net/golovka-trimmernaya-poluavtomaticheskaya-makita-191d91-7-m8x1-25lh-s-bistroy-namotkoy.html,1550.0000
826674,"Леска для триммера Волат круглое сечение 51020-01 2,4 мм 15 м",https://glavsnab.net/leska-dlya-trimmera-volat-krugloe-sechenie-51020-01-2-4-mm-15-m.html,62.0000
975416,Нож для газонокосилки Makita 191V97-3 480 мм,https://glavsnab.net/nozh-dlya-gazonokosilki-makita-191v97-3-480-mm.html,2320.0000
447866,Бензопила Alteco GCS 2307 (GCS-45) promo,https://glavsnab.net/benzopila-alteco-gcs-2307-gcs-45-promo.html,7670.0000
920007,Бензорез Husqvarna 9676821-01 K 770/14,https://glavsnab.net/benzorez-husqvarna-9676821-01-k-770-14.html,139000.0000
859856,Нож Champion C5117 для жесткой травы,https://glavsnab.net/nozh-champion-c5117-dlya-zhestkoy-travy.html,215.0000
975465,Пила цепная аккумуляторная Makita WG UC016GZ01,https://glavsnab.net/pila-cepnaya-akkumulyatornaya-makita-wg-uc016gz01.html,63292.0000
940014,Ремень для триммеров универсальный Зубр 71170,https://glavsnab.net/remen-dlya-trimmerov-universalnyy-zubr-71170.html,1307
956593,Леска Huter S24100 звезда,https://glavsnab.net/leska-huter-s24100-zvezda.html,692.0000
901582,Леска для триммера Fit 78011 3 мм звездочка 15 м ,https://glavsnab.net/leska-dlya-trimmera-fit-78011-3-mm-zvezdochka-15-m.html,200.0000
520010,Бензопила Зубр Мастер ПБЦ-М40-40,https://glavsnab.net/benzopila-zubr-master-pbts-m40-40.html,9680.0000
956546,Цепь для цепной пилы С1 Huter 71/4/7,https://glavsnab.net/cep-dlya-cepnoy-pili-s1-huter-71-4-7.html,593.0000
907731,Пила электрическая цепная Зубр ПЦ-1835,https://glavsnab.net/pila-elektricheskaya-tsepnaya-zubr-pts-1835-1800-vt-35-sm.html,8690.0000
522952,Бензопила Зубр Профессионал ПБЦ-400 40П,https://glavsnab.net/benzopila-zubr-professional-pbc-400-40p.html,19800.0000
970513,Шина для цепной пилы Makita 191T87-4 59 звеньев 350 мм,https://glavsnab.net/shina-dlya-cepnoy-pili-makita-191t87-4-59-zvenev-350-mm.html,1079.0000
258344,Пила цепная электрическая Champion 324N-18,https://glavsnab.net/pila-cepnaya-elektricheskaya-champion-324n-18.html,10590.0000
908079,"Колесо пневматическое Steher 777106-1 с осями для мотоблоков 4,00-10 2 штуки",https://glavsnab.net/koleso-pnevmaticheskoye-steher-777106-1-s-osyami-dlya-motoblokov-4-00-10-2-shtuki.html,4573
918556,Измельчитель садовый Deko DKSH3500 065-1209 электрический ,https://glavsnab.net/izmelchitel-sadovyy-deko-dksh3500-065-1209-elektricheskiy.html,18845
856937,Триммер аккумуляторный Zitrek GreenCut 20 082-2002,https://glavsnab.net/trimmer-akkumulyatorniy-zitrek-greencut-20-082-2002.html,4038
975429,Нож для газонокосилки Makita 191Y65-4 530 мм,https://glavsnab.net/nozh-dlya-gazonokosilki-makita-191y65-4-530-mm.html,2440.0000
500939,Триммер бензиновый Huter GGT-2900T,https://glavsnab.net/trimmer-benzinoviy-huter-ggt-2900t.html,10791.0000
930094,Ножницы садовые аккумуляторные Deko DKGS4 063-4470,https://glavsnab.net/nozhnici-sadovie-akkumulyatornie-deko-dkgs4-063-4470.html,2050
878185,Мотоблок бензиновый Elitech КБ 600 ,https://glavsnab.net/motoblok-benzinoviy-elitech-kb-600.html,43990.0000
501300,Пила цепная электрическая Ресанта ЭП-1814П 70/10/11,https://glavsnab.net/pila-cepnaya-elektricheskaya-resanta-ep-1814p-70-10-11.html,7690.0000
956560,Газонокосилка бензиновая Huter GLM-6.0 ST,https://glavsnab.net/gazonokosilka-benzinovaya-huter-glm-6-0-st.html,32931.0000
501146,Мотокультиватор бензиновый Ресанта МБ-7000-10 70/5/37,https://glavsnab.net/motokultivator-benzinoviy-resanta-mb-7000-10-70-5-37.html,38637.0000
956542,Ремень ранцевый для триммера Huter BT-PRO,https://glavsnab.net/remen-ranceviy-dlya-trimmera-huter-bt-pro.html,1671.0000
907762,Грунтозацеп для мотоблока Зубр ГР-5 707105-5 470х160 мм 2 шт,https://glavsnab.net/gruntozacep-dlya-motobloka-zubr-gr-5-707105-5-470h160-mm-2-sht.html,3977
520451,Цепь для бензопилы Зубр 70301-35 14 дюймов,https://glavsnab.net/tsep-dlya-benzopily-zubr-70301-35-14-dyuymov.html,599
963155,Клапан сливной Джилекс Pro 9160 32х1 дюйма,https://glavsnab.net/klapan-slivnoy-dzhileks-pro-9160-32kh1-dyuyma.html,924
908088,Снегоуборщик бензиновый Extrem Steher GST-756E 56 см,https://glavsnab.net/snegouborschik-benzinoviy-extrem-steher-gst-756e-56-sm.html,69540.0000
535021,Триммер бензиновый Eurolux TR-4000T,https://glavsnab.net/trimmer-benzinoviy-eurolux-tr-4000t.html,9119.0000
975334,"Головка триммерная полуавтоматическая Makita 197296-3 M10x1,25LH",https://glavsnab.net/golovka-trimmernaya-poluavtomaticheskaya-makita-197296-3-m10x1-25lh.html,1760.0000
826672,"Леска для триммера Волат звездочка 51020-04 2,4 мм 15 м ",https://glavsnab.net/leska-dlya-trimmera-volat-zvezdochka-51020-04-2-4-mm-15-m.html,26.0000
975414,Нож для газонокосилки Makita 191D51-9 460 мм,https://glavsnab.net/nozh-dlya-gazonokosilki-makita-191d51-9-460-mm.html,2680.0000
920004,Бензопила Husqvarna 130 9671084-01,https://glavsnab.net/benzopila-husqvarna-130-9671084-01.html,27990.0000
859780,Мотобур Champion AG364,https://glavsnab.net/motobur-champion-ag364.html,20390.0000
975463,Пила цепная аккумуляторная Makita WG UC015GZ01,https://glavsnab.net/pila-cepnaya-akkumulyatornaya-makita-wg-uc015gz01.html,63292.0000
500941,Бензопила Ресанта БП-4516 ,https://glavsnab.net/benzopila-resanta-bp-4516.html,10490.0000
940017,Нож для триммера Зубр НTТ-40 71150 40Т 255 мм,https://glavsnab.net/nozh-dlya-trimmera-zubr-ntt-40-71150-40t-255-mm.html,580
501306,Пила цепная электрическая Huter ELS-2200P 70/10/6,https://glavsnab.net/pila-cepnaya-elektricheskaya-huter-els-2200p-70-10-6.html,6127.0000
956558,Леска Huter R3012 круг,https://glavsnab.net/leska-huter-r3012-krug.html,260.0000
901275,"Леска для триммера Fit 78006 2,5 мм квадрат 15 м ",https://glavsnab.net/leska-dlya-trimmera-fit-78006-2-5-mm-kvadrat-15-m.html,120.0000
509073,Бензопила Зубр Мастер ПЦЛ-3635,https://glavsnab.net/benzopila-zubr-master-pcl-3635.html,15050.0000
956763,Удлинитель для шнека Huter 70/13/9 1000 мм,https://glavsnab.net/udlinitel-dlya-shneka-huter-70-13-9-1000-mm.html,1045.0000
180312,Шина для цепного высотореза GreenWorks,https://glavsnab.net/shina-dlya-cepnogo-visotoreza-greenworks.html,1150.0000
907782,Триммер сетевой Зубр ТСН-26-400 400 Вт,https://glavsnab.net/trimmer-setevoy-zubr-tsn-26-400-400-vt.html,4740.0000
522158,Мотобур Зубр МБ1-150 d 60 43 см3,https://glavsnab.net/motobur-zubr-mb1-150-d-60-43-sm3.html,18470.0000
970510,Шина для цепной пилы Makita 165201-8 52 звена 350 мм,https://glavsnab.net/shina-dlya-tsepnoy-pily-makita-165201-8-52-zvena-350-mm.html,1080.0000
258341,Пила цепная электрическая Champion 118-14,https://glavsnab.net/pila-tsepnaya-elektricheskaya-champion-118-14.html,6090.0000
908238,Удлинитель Зубр 707107-3 УД-3 НЕХ 32-круг 30 мм 2 шт ,https://glavsnab.net/udlinitel-zubr-707107-3-ud-3-nekh-32-krug-30-mm-2-sht.html,2236
918434,"Бензопила Deko DKCHS 52-20 065-1224 3,1 л.с 20 дюйм",https://glavsnab.net/benzopila-deko-dkchs-52-20-065-1224-3-1-l-s-20-dyuym.html,7151
856939,Триммер аккумуляторный Deko DKTR40 063-4230,https://glavsnab.net/trimmer-akkumulyatornyy-deko-dktr40-063-4230.html,9970
975427,Нож для газонокосилки Makita 1913H6-4 430 мм,https://glavsnab.net/nozh-dlya-gazonokosilki-makita-1913h6-4-430-mm.html,1650.0000
500937,Триммер бензиновый Huter GGT-2500S PRO,https://glavsnab.net/trimmer-benzinoviy-huter-ggt-2500s-pro.html,10791.0000
918020,Триммер бензиновый TOR FS52 1026856,https://glavsnab.net/trimmer-benzinovyy-tor-fs52-1026856.html,6554.0000
878209,Удлинитель шнека Fubag EX500 838283 500 мм,https://glavsnab.net/udlinitel-shneka-fubag-ex500-838283-500-mm.html,1140.0000
501163,Мотокультиватор бензиновый Huter MK-8000В 70/5/14,https://glavsnab.net/motokultivator-benzinovyy-huter-mk-8000v-70-5-14.html,41121.0000
956583,Бензопила Huter BS-4514 ,https://glavsnab.net/benzopila-huter-bs-4514.html,8990.0000
501153,Мотокультиватор бензиновый Huter MK-7000С 70/5/20,https://glavsnab.net/motokultivator-benzinoviy-huter-mk-7000s-70-5-20.html,32301.0000
956704,Ремень клиновой Huter V13x665 для SGC4000 ZMD,https://glavsnab.net/remen-klinovoy-huter-v13x665-dlya-sgc4000-zmd.html,1063.0000
907760,Грунтозацеп для культиватора Зубр ГР-1 707105-1 290х90х30 мм 2 шт,https://glavsnab.net/gruntozatsep-dlya-kultivatora-zubr-gr-1-707105-1-290kh90kh30-mm-2-sht.html,2126
520449,Шина для бензопилы Зубр 70201-35 14 дюймов,https://glavsnab.net/shina-dlya-benzopily-zubr-70201-35-14-dyuymov.html,717
957926,Бензотриммер Fubag FPT 52 41048,https://glavsnab.net/benzotrimmer-fubag-fpt-52-41048.html,13300.0000
908067,Культиватор электрический Steher EK-800,https://glavsnab.net/kultivator-elektricheskiy-steher-ek-800.html,9393
535019,Триммер бензиновый Eurolux TR-2500S,https://glavsnab.net/trimmer-benzinoviy-eurolux-tr-2500s.html,6816.0000
975327,Высоторез аккумуляторный Makita LXT DUA301Z BL 2х18В 1400 Вт,https://glavsnab.net/visotorez-akkumulyatorniy-makita-lxt-dua301z-bl-2h18v-1400-vt.html,59990.0000
338267,Культиватор бензиновый Зубр МКТ-200,https://glavsnab.net/kultivator-benzinoviy-zubr-mkt-200.html,35670.0000
975412,Нож для газонокосилки Makita 191D43-8 430 мм,https://glavsnab.net/nozh-dlya-gazonokosilki-makita-191d43-8-430-mm.html,1710.0000
442033,Цепь Makita 196213-0 400 см,https://glavsnab.net/tsep-makita-196213-0-40-mm.html,1533
918672,Триммер-газонокосилка аккумуляторный Zitrek GreenCut 20 Pro 082-2005,https://glavsnab.net/trimmer-gazonokosilka-akkumulyatorniy-zitrek-greencut-20-pro-082-2005.html,4792
442033,Цепь Makita 196213-0 400 см,https://glavsnab.net/tsep-makita-196213-0-40-mm.html,1533
975434,"Нож для триммера Makita D-66008 4 зуба 230x25,4 мм",https://glavsnab.net/nozh-dlya-trimmera-makita-d-66008-4-zuba-230x25-4-mm.html,780.0000
859778,Мотобур Champion AG252,https://glavsnab.net/motobur-champion-ag252.html,20090.0000
936034,Удлинитель шнека для мотобуров Зубр 7050-100 1000 мм ,https://glavsnab.net/udlinitel-shneka-dlya-motoburov-zubr-7050-100-1000-mm.html,1454
887155,Снегоуборщик Champion ST1170BS,https://glavsnab.net/snegouborschik-champion-st1170bs.html,143390.0000
956564,Грунтозацеп для окучивания Huter 600/130 для МК-7000/МК-7500/МК-8000 2 шт,https://glavsnab.net/gruntozatsep-dlya-okuchivaniya-huter-600-130-dlya-mk-7000-mk-7500-mk-8000.html,5500.0000
501304,Пила цепная электрическая Huter ELS-1500P 70/10/4,https://glavsnab.net/pila-tsepnaya-elektricheskaya-huter-els-1500p-70-10-4.html,5590.0000
887157,Снегоуборщик Champion STT1170E,https://glavsnab.net/snegouborschik-champion-stt1170e.html,136590.0000
956492,Электропила Eurolux ELS-1500P,https://glavsnab.net/elektropila-eurolux-els-1500p.html,4299.0000
907602,Газонокосилка сетевая Зубр ГС-33-1310 1300 Вт,https://glavsnab.net/gazonokosilka-setevaya-zubr-gs-33-1310-1300-vt.html,10720.0000
180313,Шина для электропилы Greenworks 29577 25 см,https://glavsnab.net/shina-dlya-pili-greenworks.html,1250.0000
970621,Коса аккумуляторная Makita LXT BL DUR190UZX3 18 В,https://glavsnab.net/kosa-akkumulyatornaya-makita-lxt-bl-dur190uzx3-18-v.html,37398.0000
907986,Кусторез Raco 4210-53/212 H212 630-840 мм ,https://glavsnab.net/kustorez-raco-4210-53-212-h212-630-840-mm.html,4655
975375,Кусторез аккумуляторный Makita DUH502Z,https://glavsnab.net/kustorez-makita-duh502z.html,50344.0000
826781,Леска для триммера Волат круглое сечение 51010-01 2 мм 15 м,https://glavsnab.net/leska-dlya-trimmera-volat-krugloe-sechenie-51010-01-2-mm-15-m.html,51.0000
975419,Нож для газонокосилки Makita 191V96-5 530 мм,https://glavsnab.net/nozh-dlya-gazonokosilki-makita-191v96-5-530-mm.html,2920.0000
920021,Пила цепная бензиновая Patriot PT3816 220105510,https://glavsnab.net/pila-cepnaya-benzinovaya-patriot-pt3816-220105510.html,9990.0000
500936,Триммер бензиновый Huter GGT-2500T PRO,https://glavsnab.net/trimmer-benzinoviy-huter-ggt-2500t-pro.html,10791.0000
975489,"Цепь пильная Makita 80TXL 1910V6-4 100 мм 0,325 дюйма 26 звеньев",https://glavsnab.net/cep-pilnaya-makita-80txl-1910v6-4-100-mm-0-325-dyuyma-26-zvenev.html,1130.0000
878145,Триммер бензиновый Fubag FPT 52R 41049,https://glavsnab.net/trimmer-benzinoviy-fubag-fpt-52r-41049.html,13700.0000
940002,"Цепь для бензопил Зубр 70305-45 0,325 дюйма 72 звена",https://glavsnab.net/cep-dlya-benzopil-zubr-70305-45-0-325-dyuyma-72-zvena.html,727
501179,Снегоуборщик бензиновый Huter SGC 4000 L,https://glavsnab.net/snegouborschik-benzinoviy-huter-sgc-4000-l.html,54190.0000
956569,Леска Huter TS2015 витой квадрат,https://glavsnab.net/leska-huter-ts2015-vitoy-kvadrat.html,204.0000
501156,Мотокультиватор бензиновый Huter MK-7500-10 70/5/12,https://glavsnab.net/motokultivator-benzinoviy-huter-mk-7500-10-70-5-12.html,38511.0000
901233,"Леска для триммера Fit 78001 2,5 мм звездочка 15 м ",https://glavsnab.net/leska-dlya-trimmera-fit-78001-2-5-mm-zvezdochka-15-m.html,120.0000
956571,Цепь для цепной пилы С3 Huter Prof/72 71/4/21,https://glavsnab.net/cep-dlya-cepnoy-pili-s3-huter-prof-72-71-4-21.html,848.0000
907734,Пила электрическая цепная Зубр  ПЦ-2440,https://glavsnab.net/pila-elektricheskaya-cepnaya-zubr-pc-2440.html,11440.0000
970667,Пила цепная Makita CXT BL 12В UC100DZ аккумуляторная без АКБ и ЗУ,https://glavsnab.net/pila-cepnaya-makita-cxt-bl-12v-uc100dz-akkumulyatornaya.html,25890.0000
535016,Триммер бензиновый Huter GGT-1500TX,https://glavsnab.net/trimmer-benzinoviy-huter-ggt-1500tx.html,8721.0000
908056,Измельчитель садовый электрический Steher ESR-2500 2500 Вт ,https://glavsnab.net/izmelchitel-sadoviy-elektricheskiy-steher-esr-2500-2500-vt.html,11830
918659,Пила цепная аккумуляторная  Zitrek GreenSaw 20 Pro 082-1852,https://glavsnab.net/pila-cepnaya-akkumulyatornaya-zitrek-greensaw-20-pro-082-1852.html,7370
441161,Триммер аккумуляторный Makita DUR190LZX3 ,https://glavsnab.net/trimmer-akkumulyatornyy-makita-dur190lzx3.html,34522.0000
975432,"Нож для триммера Makita 195298-3 3 зуба 230x25,4 мм",https://glavsnab.net/nozh-dlya-trimmera-makita-195298-3-3-zuba-230x25-4-mm.html,1270.0000
859776,Мотобур Champion AG152B,https://glavsnab.net/motobur-champion-ag152b.html,12990.0000
939277,Садовый трактор Husqvarna TS 142T 9604104-57,https://glavsnab.net/sadoviy-traktor-husqvarna-ts-142t-9604104-57.html,589990.0000
501032,Дровокол электрический Huter HLS-5500,https://glavsnab.net/drovokol-elektricheskiy-huter-hls-5500.html,30790.0000
860280,"Цепь Champion Pro A050-VS-40E 3/8""-1.3 мм - 40",https://glavsnab.net/cep-champion-pro-a050-vs-40e-3-8-1-3-mm-40.html,385.0000
956574,Головка с леской Huter GTH Easy Load для GGT GET-1200/GET-1500/GET-1700,https://glavsnab.net/golovka-s-leskoy-huter-gth-easy-load-dlya-ggt-get-1200-get-1500-get-1700.html,749.0000
501088,Мотокультиватор Huter 70/5/8 GMC-7.0,https://glavsnab.net/motokultivator-huter-70-5-8-gmc-7-0.html,30501.0000
956755,Сцепка универсальная регулируемая Huter для GMC/MK,https://glavsnab.net/stsepka-universalnaya-reguliruemaya-huter-dlya-gmc-mk.html,1366.0000
907478,Газонокосилка бензиновая самоходная Steher GLM-510p,https://glavsnab.net/gazonokosilka-benzinovaya-samohodnaya-steher-glm-510p.html,36393
180317,Цепь для цепной пилы Greenworks 29587 25 см,https://glavsnab.net/tsep-dlya-pily-greenworks-25-sm.html,1150.0000
970511,"Головка триммерная полуавтоматическая Makita 191D89-4 М10x1,25LH 2 мм",https://glavsnab.net/golovka-trimmernaya-poluavtomaticheskaya-makita-191d89-4-m10x1-25lh-2-mm.html,1550.0000
521298,Колышки садовые Grinda 422319 200мм 10шт,https://glavsnab.net/kolyshki-sadovyye-grinda-422319-200mm-10sht.html,115
908091,Снегоуборщик бензиновый Extrem Steher GST-772E 72 см ,https://glavsnab.net/snegouborschik-benzinoviy-extrem-steher-gst-772e-72-sm.html,88260.0000
254123,Газонокосилка аккумуляторная Greenworks G40LM40 без аккумулятора и зарядного устройства,https://glavsnab.net/gazonokosilka-akkumulyatornaya-greenworks-g40lm40-bez-akkumulyatora-i-zaryadnogo-ustroystva.html,21990.0000
975337,"Головка триммерная Makita 199868-0 с пластиковыми ножами М10х1,25LH",https://glavsnab.net/golovka-trimmernaya-makita-199868-0-s-plastikovimi-nozhami-m10h1-25lh.html,3230.0000
826762,Леска для триммера Волат звездочка 51010-04 2 мм 15 м ,https://glavsnab.net/leska-dlya-trimmera-volat-zvezdochka-51010-04-2-mm-15-m.html,46.0000
975417,Нож для газонокосилки Makita 191W87-2 530 мм,https://glavsnab.net/nozh-dlya-gazonokosilki-makita-191w87-2-530-mm.html,2560.0000
919998,Бензорез Workmaster Walbro WK-970 ,https://glavsnab.net/benzorez-workmaster-walbro-wk-970.html,71687.0000
500935,Триммер бензиновый Huter GGT-15004Т,https://glavsnab.net/trimmer-benzinoviy-huter-ggt-15004t.html,12231.0000
975466,Пила цепная аккумуляторная Makita WG UC017GZ01,https://glavsnab.net/pila-cepnaya-akkumulyatornaya-makita-wg-uc017gz01.html,63292.0000
878143,Триммер бензиновый Fubag FPT 43 41046,https://glavsnab.net/trimmer-benzinoviy-fubag-fpt-43-41046.html,12300.0000
939943,Окучник регулируемый для мотоблоков Зубр ОК-2 707101-2 без сцепки,https://glavsnab.net/okuchnik-reguliruemyy-dlya-motoblokov-zubr-ok-2-707101-2-bez-stsepki.html,1705
501180,Снегоуборщик бензиновый Huter SGC 6000CD,https://glavsnab.net/snegouborschik-benzinoviy-huter-sgc-6000cd.html,118890.0000
956545,Леска Huter S2412 звезда,https://glavsnab.net/leska-huter-s2412-zvezda.html,165.0000
500945,Бензопила Ресанта БП-6220 70/6/17,https://glavsnab.net/benzopila-resanta-bp-6220-70-6-17.html,13690.0000
902234,Леска для триммера Fit 78012 3 мм звездочка 25 м ,https://glavsnab.net/leska-dlya-trimmera-fit-78012-3-mm-zvezdochka-25-m.html,283.0000
956554,Цепь для цепной пилы С2 Huter 71/4/3,https://glavsnab.net/cep-dlya-cepnoy-pili-s2-huter-71-4-3.html,596.0000
509682,Триммер бензиновый Зубр КРБ-1000,https://glavsnab.net/trimmer-benzinovyy-zubr-krb-1000.html,11050.0000
907732,Пила электрическая цепная Зубр ПЦ-2040,https://glavsnab.net/pila-elektricheskaya-cepnaya-zubr-pc-2040.html,9860.0000
970512,Шина для цепной пилы Makita 191G25-8 56 звеньев 400 мм,https://glavsnab.net/shina-dlya-cepnoy-pili-makita-191g25-8-56-zvenev-400-mm.html,1970.0000
501039,Измельчитель универсальный электрический Вихрь ИК 3 в 1 74/2/5 для зерна травы корнеплодов сена,https://glavsnab.net/izmelchitel-universalniy-elektricheskiy-vihr-ik-3-v-1-74-2-5-dlya-zerna-travi-korneplodov-sena.html,7890.0000
908057,Измельчитель садовый бензиновый Steher GSR-750 50 мм,https://glavsnab.net/izmelchitel-sadovyy-benzinovyy-steher-gsr-750-50-mm.html,36363
918607,"Цепь для пилы Deko СS2 063-4371 1/4 дюйма 1,4 мм",https://glavsnab.net/tsep-dlya-pily-deko-ss2-063-4371-1-4-dyuyma-1-4-mm.html,344
338263,Мотобур бензиновый Зубр МБ2-300,https://glavsnab.net/motobur-benzinoviy-zubr-mb2-300.html,22880.0000
975430,"Нож для триммера Makita D-66058 2 зуба 230x25,4 мм",https://glavsnab.net/nozh-dlya-trimmera-makita-d-66058-2-zuba-230x25-4-mm.html,570.0000
859587,Воздуходувка-измельчитель бензиновая Champion GBV327S,https://glavsnab.net/vozduhoduvka-izmelchitel-benzinovaya-champion-gbv327s.html,15390.0000
930085,Ножницы садовые аккумуляторные Deko DKGS4 Pro 063-4471,https://glavsnab.net/nozhnici-sadovie-akkumulyatornie-deko-dkgs4-pro-063-4471.html,2976
500992,Газонокосилка электрическая Huter ELM-2000T,https://glavsnab.net/gazonokosilka-elektricheskaya-huter-elm-2000t.html,13401.0000
880125,Режущая пластина для мотобура Hitachi Y-246,https://glavsnab.net/rezhushchaya-plastina-dlya-motobura-hitachi-y-246.html,2400.0000
956532,Головка с леской Huter ETH-1000 для GET-1000S ZMD,https://glavsnab.net/golovka-s-leskoy-huter-eth-1000-dlya-get-1000s-zmd.html,791.0000
956735,Свеча зажигания Huter 71/2/27 2T L7T,https://glavsnab.net/svecha-zazhiganiya-huter-71-2-27-2t-l7t.html,186.0000
907763,Грунтозацеп для мотоблока Зубр ГР-8 707105-8 600х130 мм 2 шт,https://glavsnab.net/gruntozacep-dlya-motobloka-zubr-gr-8-707105-8-600h130-mm-2-sht.html,4701
180268,Газонокосилка аккумуляторная Greenworks Twin Force G40LM49DB без аккумулятора и зарядного устройства,https://glavsnab.net/akkumulyatornaya-gazonokosilka-greenworks-twin-force-bez-akkumulyatora-i-zaryadnogo-ustroystva-g40lm49db.html,27990.0000
508823,Триммер электрический Зубр Мастер КСВ-38-1300,https://glavsnab.net/trimmer-elektricheskiy-zubr-master-ksv-38-1300.html,9410.0000
908089,Снегоуборщик бензиновый Extrem Steher GST-762 62 см ,https://glavsnab.net/snegouborschik-benzinoviy-extrem-steher-gst-762-62-sm.html,71630.0000
254157,Воздуходув аккумуляторный Greenworks G40AB без аккумулятора и зарядного устройства,https://glavsnab.net/vozdukhoduv-akkumulyatornyy-greenworks-g40ab-bez-akkumulyatora-i-zaryadnogo-ustroystva.html,5990.0000
975335,"Головка триммерная полуавтоматическая Makita 198971-4 M8x1,25RH",https://glavsnab.net/golovka-trimmernaya-poluavtomaticheskaya-makita-198971-4-m8x1-25rh.html,1410.0000
600742,Воздуходувка-пылесос электрическая Max Pro 85276 600 Вт,https://glavsnab.net/vozduhoduvka-pilesos-elektricheskaya-max-pro-85276-600-vt.html,4640.0000
975415,Нож для газонокосилки Makita 191W86-4 460 мм,https://glavsnab.net/nozh-dlya-gazonokosilki-makita-191w86-4-460-mm.html,2800.0000
856915,Воздуходувка садовая электрическая Deko DKBL600 063-4225,https://glavsnab.net/vozduhoduvka-sadovaya-elektricheskaya-deko-dkbl600-063-4225.html,1743
920005,Бензорез Diam 630063 EX-350/4 дюйма,https://glavsnab.net/benzorez-diam-630063-ex-350-4-dyuyma.html,78238.0000
501081,Мотобур Huter 70/13/1 GGD-52,https://glavsnab.net/motobur-huter-70-13-1-ggd-52.html,12790.0000
975464,Пила цепная аккумуляторная Makita WG UC011GZ,https://glavsnab.net/pila-cepnaya-akkumulyatornaya-makita-wg-uc011gz.html,63292.0000
878141,Триммер бензиновый Fubag FPT 33 41044,https://glavsnab.net/trimmer-benzinovyy-fubag-fpt-33-41044.html,9360.0000
939944,Плуг для мотоблока Зубр ПГ-2 707102-2 без сцепки,https://glavsnab.net/plug-dlya-motobloka-zubr-pg-2-707102-2-bez-stsepki.html,1778
956539,Леска Huter S2015 звезда,https://glavsnab.net/leska-huter-s2015-zvezda.html,153.0000
501125,Садовый измельчитель Huter ESH-2500T,https://glavsnab.net/sadovyy-izmelchitel-huter-esh-2500t.html,19190.0000
901800,Леска для триммера Fit 78016 3 мм квадрат 15 м ,https://glavsnab.net/leska-dlya-trimmera-fit-78016-3-mm-kvadrat-15-m.html,200.0000
956756,Фильтр топливный для бензопил Huter 71/4/32,https://glavsnab.net/filtr-toplivnyy-dlya-benzopil-huter-71-4-32.html,124.0000
907783,Триммер сетевой Зубр ТСН-33-600 600 Вт,https://glavsnab.net/trimmer-setevoy-zubr-tsn-33-600-600-vt.html,7030.0000
970509,Шина для цепной пилы Makita 165200-0 46 звеньев 300 мм,https://glavsnab.net/shina-dlya-cepnoy-pili-makita-165200-0-46-zvenev-300-mm.html,1140.0000
908237,Окучник раздвижной для мотоблока Зубр 707101-3 ОК-3,https://glavsnab.net/okuchnik-razdvizhnoy-dlya-motobloka-zubr-707101-3-ok-3.html,3565
975428,Нож для газонокосилки Makita 191Y64-6 480 мм,https://glavsnab.net/nozh-dlya-gazonokosilki-makita-191y64-6-480-mm.html,2440.0000
859583,Воздуходувка бензиновая Champion GBR357,https://glavsnab.net/vozduhoduvka-benzinovaya-champion-gbr357.html,20890.0000
930068,Триммер-газонокосилка аккумуляторный Zitrek GreenCut 12 Pro 12В Li-ion,https://glavsnab.net/trimmer-gazonokosilka-akkumulyatorniy-zitrek-greencut-12-pro-12v-li-ion.html,3132
500983,Газонокосилка бензиновая Huter GLM-6.0 SP,https://glavsnab.net/gazonokosilka-benzinovaya-huter-glm-6-0-sp.html,35631.0000
878134,Цепь пильная Husqvarna X-Cut S35G 5856395-64 38 см 64 звена,https://glavsnab.net/cep-pilnaya-husqvarna-x-cut-s35g-5856395-64-38-sm-64-zvena.html,1929.0000
975377,Кусторез аккумуляторный Makita DUH602Z,https://glavsnab.net/kustorez-akkumulyatorniy-makita-duh602z.html,51496.0000
500976,Газонокосилка бензиновая Ресанта КР-6.0 БТ 70/3/13,https://glavsnab.net/gazonokosilka-benzinovaya-resanta-kr-6-0-bt-70-3-13.html,41890.0000
918563,Скарификатор-аэратор Deko DKESC380 065-1204 1800 Вт 380 мм,https://glavsnab.net/skarifikator-aerator-deko-dkesc380-065-1204-1800-vt-380-mm.html,14482
975436,Нож для триммера Makita 380224180 8 зуба 200x20 мм,https://glavsnab.net/nozh-dlya-trimmera-makita-380224180-8-zuba-200x20-mm.html,420.0000
500944,Бензопила Ресанта БП-5220 70/6/15,https://glavsnab.net/benzopila-resanta-bp-5220-70-6-15.html,11390.0000
933155,Триммер бензиновый Ayger GTA-520,https://glavsnab.net/trimmer-benzinovyy-ayger-gta-520.html,1638.0000
956587,Диск лезвие для садовых триммеров Huter GTD-3T 255 мм,https://glavsnab.net/disk-lezviye-dlya-sadovykh-trimmerov-huter-gtd-3t-255-mm.html,520.0000
520456,Цепь для бензопилы Зубр 70302-45 18 дюймов,https://glavsnab.net/cep-dlya-benzopili-zubr-70302-45-18-dyuymov.html,806
956551,Леска Huter TS3012 витой квадрат,https://glavsnab.net/leska-huter-ts3012-vitoy-kvadrat.html,353.0000
244466,Воздуходув аккумуляторный Greenworks G40ABK4,https://glavsnab.net/vozduhoduv-akkumulyatorniy-greenworks-g40abk4.html,14990.0000
901192,"Леска для триммера Fit 77965 1,5 мм звездочка 15 м ",https://glavsnab.net/leska-dlya-trimmera-fit-77965-1-5-mm-zvezdochka-15-m.html,82.0000
535306,Триммер электрический Maxcut MCE 106 025300106,https://glavsnab.net/trimmer-elektricheskiy-maxcut-mce-106-025300106.html,1750.0000
956550,Цепь для цепной пилы С5 Huter 71/4/15,https://glavsnab.net/cep-dlya-cepnoy-pili-s5-huter-71-4-15.html,668.0000
338262,Мотобур бензиновый Зубр МБ2-250 Н со шнеком,https://glavsnab.net/motobur-benzinoviy-zubr-mb2-250-n-so-shnekom.html,24320.0000
907488,Пила электрическая цепная Steher ES-2040,https://glavsnab.net/pila-elektricheskaya-cepnaya-steher-es-2040.html,6799
859582,Воздуходувка бензиновая Champion GBR333,https://glavsnab.net/vozduhoduvka-benzinovaya-champion-gbr333.html,14990.0000
970617,Пила цепная Makita DUC302Z аккумуляторная без АКБ и ЗУ,https://glavsnab.net/pila-cepnaya-makita-duc302z-akkumulyatornaya-bez-akb-i-zu.html,23990.0000
500982,Газонокосилка бензиновая Huter GLM-5.0 L,https://glavsnab.net/gazonokosilka-benzinovaya-huter-glm-5-0-l.html,30321.0000
908059,Триммер электрический Steher SEB-42-1700 1700 Вт,https://glavsnab.net/trimmer-elektricheskiy-steher-seb-42-1700-1700-vt.html,9973
878249,Пила цепная электрическая Fubag FES2016С 31202,https://glavsnab.net/pila-cepnaya-elektricheskaya-fubag-fes2016s-31202.html,7669.0000
975421,Нож для газонокосилки Makita YA00000734 410 мм,https://glavsnab.net/nozh-dlya-gazonokosilki-makita-ya00000734-410-mm.html,1340.0000
501276,Триммер электрический Ресанта ЭТ-1700НВ 70/1/24,https://glavsnab.net/trimmer-elektricheskiy-resanta-et-1700nv-70-1-24.html,9171.0000
918035,Бензопила TOR FS5218 1026854,https://glavsnab.net/benzopila-tor-fs5218-1026854.html,6638.0000
975491,Цепь пильная Makita 90PX 191H02-6 350 мм 3/8 дюйма 52 звеньев,https://glavsnab.net/cep-pilnaya-makita-90px-191h02-6-350-mm-3-8-dyuyma-52-zvenev.html,1550.0000
939999,Цепь для электро и бензопил Зубр 70304-40 3/8 дюйма 56 звеньев,https://glavsnab.net/cep-dlya-elektro-i-benzopil-zubr-70304-40-3-8-dyuyma-56-zvenev.html,491
887157,Снегоуборщик Champion STT1170E,https://glavsnab.net/snegouborschik-champion-stt1170e.html,136590.0000
522159,Мотобур Зубр МБ2-250 d 60 52 см3,https://glavsnab.net/motobur-zubr-mb2-250-d-60-52-sm3.html,21480.0000
956492,Электропила Eurolux ELS-1500P,https://glavsnab.net/elektropila-eurolux-els-1500p.html,4299.0000
265258,Триммер бензиновый Patriot PT 3555ES Country с неразборной штангой,https://glavsnab.net/trimmer-benzinoviy-patriot-pt-3555es-country-s-nerazbornoy-shtangoy.html,11890.0000
907602,Газонокосилка сетевая Зубр ГС-33-1310 1300 Вт,https://glavsnab.net/gazonokosilka-setevaya-zubr-gs-33-1310-1300-vt.html,10720.0000
826820,Леска для триммера Волат шестигранное сечение 51040-03 3 мм 15 м,https://glavsnab.net/leska-dlya-trimmera-volat-shestigrannoe-sechenie-51040-03-3-mm-15-m.html,97.0000
970621,Коса аккумуляторная Makita LXT BL DUR190UZX3 18 В,https://glavsnab.net/kosa-akkumulyatornaya-makita-lxt-bl-dur190uzx3-18-v.html,37398.0000
907986,Кусторез Raco 4210-53/212 H212 630-840 мм ,https://glavsnab.net/kustorez-raco-4210-53-212-h212-630-840-mm.html,4655
975375,Кусторез аккумуляторный Makita DUH502Z,https://glavsnab.net/kustorez-makita-duh502z.html,50344.0000
501085,Мотокультиватор Huter 70/5/22 GMC-2.8 ,https://glavsnab.net/motokultivator-huter-70-5-22-gmc-2-8.html,14061.0000
918672,Триммер-газонокосилка аккумуляторный Zitrek GreenCut 20 Pro 082-2005,https://glavsnab.net/trimmer-gazonokosilka-akkumulyatorniy-zitrek-greencut-20-pro-082-2005.html,4792
975434,"Нож для триммера Makita D-66008 4 зуба 230x25,4 мм",https://glavsnab.net/nozh-dlya-trimmera-makita-d-66008-4-zuba-230x25-4-mm.html,780.0000
501083,Мотокультиватор Ресанта БМК-6.5 ,https://glavsnab.net/motokultivator-resanta-bmk-6-5.html,31491.0000
936034,Удлинитель шнека для мотобуров Зубр 7050-100 1000 мм ,https://glavsnab.net/udlinitel-shneka-dlya-motoburov-zubr-7050-100-1000-mm.html,1454
956564,Грунтозацеп для окучивания Huter 600/130 для МК-7000/МК-7500/МК-8000 2 шт,https://glavsnab.net/gruntozatsep-dlya-okuchivaniya-huter-600-130-dlya-mk-7000-mk-7500-mk-8000.html,5500.0000
520457,Шина для бензопилы Зубр 70203-50 20 дюймов,https://glavsnab.net/shina-dlya-benzopili-zubr-70203-50-20-dyuymov.html,963
956569,Леска Huter TS2015 витой квадрат,https://glavsnab.net/leska-huter-ts2015-vitoy-kvadrat.html,204.0000
901233,"Леска для триммера Fit 78001 2,5 мм звездочка 15 м ",https://glavsnab.net/leska-dlya-trimmera-fit-78001-2-5-mm-zvezdochka-15-m.html,120.0000
535281,Свечи для 2-х тактных двигателей Patriot L7T 841102210,https://glavsnab.net/svechi-dlya-2-kh-taktnykh-dvigateley-patriot-l7t-841102210.html,133.0000
956571,Цепь для цепной пилы С3 Huter Prof/72 71/4/21,https://glavsnab.net/cep-dlya-cepnoy-pili-s3-huter-prof-72-71-4-21.html,848.0000
907734,Пила электрическая цепная Зубр  ПЦ-2440,https://glavsnab.net/pila-elektricheskaya-cepnaya-zubr-pc-2440.html,11440.0000
856947,Триммер электрический Deko DKTR550 063-4234,https://glavsnab.net/trimmer-elektricheskiy-deko-dktr550-063-4234.html,2300
970667,Пила цепная Makita CXT BL 12В UC100DZ аккумуляторная без АКБ и ЗУ,https://glavsnab.net/pila-cepnaya-makita-cxt-bl-12v-uc100dz-akkumulyatornaya.html,25890.0000
500971,Воздуходувка бензиновая Huter GB-26,https://glavsnab.net/vozduhoduvka-benzinovaya-huter-gb-26.html,10790.0000
908056,Измельчитель садовый электрический Steher ESR-2500 2500 Вт ,https://glavsnab.net/izmelchitel-sadoviy-elektricheskiy-steher-esr-2500-2500-vt.html,11830
878051,Газонокосилка бензиновая Fubag FPL 46 31776,https://glavsnab.net/gazonokosilka-benzinovaya-fubag-fpl-46-31776.html,26100.0000
975419,Нож для газонокосилки Makita 191V96-5 530 мм,https://glavsnab.net/nozh-dlya-gazonokosilki-makita-191v96-5-530-mm.html,2920.0000
501275,Триммер электрический Ресанта ЭТ-1500НВ 70/1/22,https://glavsnab.net/trimmer-elektricheskiy-resanta-et-1500nv-70-1-22.html,8631.0000
920021,Пила цепная бензиновая Patriot PT3816 220105510,https://glavsnab.net/pila-cepnaya-benzinovaya-patriot-pt3816-220105510.html,9990.0000
975489,"Цепь пильная Makita 80TXL 1910V6-4 100 мм 0,325 дюйма 26 звеньев",https://glavsnab.net/cep-pilnaya-makita-80txl-1910v6-4-100-mm-0-325-dyuyma-26-zvenev.html,1130.0000
940002,"Цепь для бензопил Зубр 70305-45 0,325 дюйма 72 звена",https://glavsnab.net/cep-dlya-benzopil-zubr-70305-45-0-325-dyuyma-72-zvena.html,727
522954,Бензопила Зубр Профессионал ПБЦ-490 45ДП       ,https://glavsnab.net/benzopila-zubr-professional-pbc-490-45dp.html,22880.0000
956755,Сцепка универсальная регулируемая Huter для GMC/MK,https://glavsnab.net/stsepka-universalnaya-reguliruemaya-huter-dlya-gmc-mk.html,1366.0000
907478,Газонокосилка бензиновая самоходная Steher GLM-510p,https://glavsnab.net/gazonokosilka-benzinovaya-samohodnaya-steher-glm-510p.html,36393
826929,Леска для триммера Волат квадратное сечение 51040-02 3 мм 15 м,https://glavsnab.net/leska-dlya-trimmera-volat-kvadratnoe-sechenie-51040-02-3-mm-15-m.html,104.0000
970511,"Головка триммерная полуавтоматическая Makita 191D89-4 М10x1,25LH 2 мм",https://glavsnab.net/golovka-trimmernaya-poluavtomaticheskaya-makita-191d89-4-m10x1-25lh-2-mm.html,1550.0000
464410,Бензопила цепная Maxcut MC 146,https://glavsnab.net/benzopila-cepnaya-maxcut-mc-146.html,6290.0000
908091,Снегоуборщик бензиновый Extrem Steher GST-772E 72 см ,https://glavsnab.net/snegouborschik-benzinoviy-extrem-steher-gst-772e-72-sm.html,88260.0000
859789,Удлинитель для шнека Champion C8065 750 мм,https://glavsnab.net/udlinitel-dlya-shneka-champion-c8065-750-mm.html,1920.0000
975337,"Головка триммерная Makita 199868-0 с пластиковыми ножами М10х1,25LH",https://glavsnab.net/golovka-trimmernaya-makita-199868-0-s-plastikovimi-nozhami-m10h1-25lh.html,3230.0000
501082,Мотобур Huter 70/13/18 GGD-62,https://glavsnab.net/motobur-huter-70-13-18-ggd-62.html,14890.0000
918659,Пила цепная аккумуляторная  Zitrek GreenSaw 20 Pro 082-1852,https://glavsnab.net/pila-cepnaya-akkumulyatornaya-zitrek-greensaw-20-pro-082-1852.html,7370
975432,"Нож для триммера Makita 195298-3 3 зуба 230x25,4 мм",https://glavsnab.net/nozh-dlya-trimmera-makita-195298-3-3-zuba-230x25-4-mm.html,1270.0000
501159,Мотокультиватор бензиновый Huter MK-8000 Big Foot 70/5/13,https://glavsnab.net/motokultivator-benzinoviy-huter-mk-8000-big-foot-70-5-13.html,39999.0000
939277,Садовый трактор Husqvarna TS 142T 9604104-57,https://glavsnab.net/sadoviy-traktor-husqvarna-ts-142t-9604104-57.html,589990.0000
956574,Головка с леской Huter GTH Easy Load для GGT GET-1200/GET-1500/GET-1700,https://glavsnab.net/golovka-s-leskoy-huter-gth-easy-load-dlya-ggt-get-1200-get-1500-get-1700.html,749.0000
956545,Леска Huter S2412 звезда,https://glavsnab.net/leska-huter-s2412-zvezda.html,165.0000
902234,Леска для триммера Fit 78012 3 мм звездочка 25 м ,https://glavsnab.net/leska-dlya-trimmera-fit-78012-3-mm-zvezdochka-25-m.html,283.0000
535023,Бензопила Eurolux GS-5220,https://glavsnab.net/benzopila-eurolux-gs-5220.html,7711.0000
956554,Цепь для цепной пилы С2 Huter 71/4/3,https://glavsnab.net/cep-dlya-cepnoy-pili-s2-huter-71-4-3.html,596.0000
338255,Культиватор электрический Зубр Мастер КАД-2500,https://glavsnab.net/kultivator-elektricheskiy-zubr-master-kad-2500.html,35580.0000
907732,Пила электрическая цепная Зубр ПЦ-2040,https://glavsnab.net/pila-elektricheskaya-cepnaya-zubr-pc-2040.html,9860.0000
970512,Шина для цепной пилы Makita 191G25-8 56 звеньев 400 мм,https://glavsnab.net/shina-dlya-cepnoy-pili-makita-191g25-8-56-zvenev-400-mm.html,1970.0000
500940,Триммер бензиновый Huter GGT-2900T PRO,https://glavsnab.net/trimmer-benzinoviy-huter-ggt-2900t-pro.html,12861.0000
908057,Измельчитель садовый бензиновый Steher GSR-750 50 мм,https://glavsnab.net/izmelchitel-sadovyy-benzinovyy-steher-gsr-750-50-mm.html,36363
878187,Мотобур Fubag FPB 71 38273,https://glavsnab.net/motobur-fubag-fpb-71-38273.html,20280.0000
975417,Нож для газонокосилки Makita 191W87-2 530 мм,https://glavsnab.net/nozh-dlya-gazonokosilki-makita-191w87-2-530-mm.html,2560.0000
919998,Бензорез Workmaster Walbro WK-970 ,https://glavsnab.net/benzorez-workmaster-walbro-wk-970.html,71687.0000
975466,Пила цепная аккумуляторная Makita WG UC017GZ01,https://glavsnab.net/pila-cepnaya-akkumulyatornaya-makita-wg-uc017gz01.html,63292.0000
939943,Окучник регулируемый для мотоблоков Зубр ОК-2 707101-2 без сцепки,https://glavsnab.net/okuchnik-reguliruemyy-dlya-motoblokov-zubr-ok-2-707101-2-bez-stsepki.html,1705
520453,Шина для бензопилы Зубр 70202-40 16 дюймов,https://glavsnab.net/shina-dlya-benzopili-zubr-70202-40-16-dyuymov.html,816
522952,Бензопила Зубр Профессионал ПБЦ-400 40П,https://glavsnab.net/benzopila-zubr-professional-pbc-400-40p.html,19800.0000
956735,Свеча зажигания Huter 71/2/27 2T L7T,https://glavsnab.net/svecha-zazhiganiya-huter-71-2-27-2t-l7t.html,186.0000
258344,Пила цепная электрическая Champion 324N-18,https://glavsnab.net/pila-cepnaya-elektricheskaya-champion-324n-18.html,10590.0000
907763,Грунтозацеп для мотоблока Зубр ГР-8 707105-8 600х130 мм 2 шт,https://glavsnab.net/gruntozacep-dlya-motobloka-zubr-gr-8-707105-8-600h130-mm-2-sht.html,4701
826674,"Леска для триммера Волат круглое сечение 51020-01 2,4 мм 15 м",https://glavsnab.net/leska-dlya-trimmera-volat-krugloe-sechenie-51020-01-2-4-mm-15-m.html,62.0000
447866,Бензопила Alteco GCS 2307 (GCS-45) promo,https://glavsnab.net/benzopila-alteco-gcs-2307-gcs-45-promo.html,7670.0000
908089,Снегоуборщик бензиновый Extrem Steher GST-762 62 см ,https://glavsnab.net/snegouborschik-benzinoviy-extrem-steher-gst-762-62-sm.html,71630.0000
859856,Нож Champion C5117 для жесткой травы,https://glavsnab.net/nozh-champion-c5117-dlya-zhestkoy-travy.html,215.0000
975335,"Головка триммерная полуавтоматическая Makita 198971-4 M8x1,25RH",https://glavsnab.net/golovka-trimmernaya-poluavtomaticheskaya-makita-198971-4-m8x1-25rh.html,1410.0000
918607,"Цепь для пилы Deko СS2 063-4371 1/4 дюйма 1,4 мм",https://glavsnab.net/tsep-dlya-pily-deko-ss2-063-4371-1-4-dyuyma-1-4-mm.html,344
975430,"Нож для триммера Makita D-66058 2 зуба 230x25,4 мм",https://glavsnab.net/nozh-dlya-trimmera-makita-d-66058-2-zuba-230x25-4-mm.html,570.0000
930085,Ножницы садовые аккумуляторные Deko DKGS4 Pro 063-4471,https://glavsnab.net/nozhnici-sadovie-akkumulyatornie-deko-dkgs4-pro-063-4471.html,2976
520010,Бензопила Зубр Мастер ПБЦ-М40-40,https://glavsnab.net/benzopila-zubr-master-pbts-m40-40.html,9680.0000
956532,Головка с леской Huter ETH-1000 для GET-1000S ZMD,https://glavsnab.net/golovka-s-leskoy-huter-eth-1000-dlya-get-1000s-zmd.html,791.0000
940013,"Катушка для триммера Зубр КТ-10Л М10х 1,25 LH 71115",https://glavsnab.net/katushka-dlya-trimmera-zubr-kt-10l-m10h-1-25-lh-71115.html,648
956579,Диск лезвие c победитовым наконечником Huter GTD-40TP,https://glavsnab.net/disk-lezvie-c-pobeditovim-nakonechnikom-huter-gtd-40tp.html,835.0000
887164,Снегоуборщик Patriot Сибирь 57 426108657,https://glavsnab.net/snegouborschik-patriot-sibir-57-426108657.html,83790.0000
907468,Бензопила Steher BS-58-45,https://glavsnab.net/benzopila-steher-bs-58-45.html,8566
520451,Цепь для бензопилы Зубр 70301-35 14 дюймов,https://glavsnab.net/tsep-dlya-benzopily-zubr-70301-35-14-dyuymov.html,599
958071,"Диск триммерный Fubag 38739 25,4х255 мм",https://glavsnab.net/disk-trimmernyy-fubag-38739-25-4kh255-mm.html,758.0000
907490,Пила электрическая цепная Steher ES-2640,https://glavsnab.net/pila-elektricheskaya-cepnaya-steher-es-2640.html,8597
535021,Триммер бензиновый Eurolux TR-4000T,https://glavsnab.net/trimmer-benzinoviy-eurolux-tr-4000t.html,9119.0000
907765,Фреза для мотоблока Зубр 707108-2 НЕХ 32 гусиные лапки ,https://glavsnab.net/freza-dlya-motobloka-zubr-707108-2-neh-32-gusinie-lapki.html,5022
856937,Триммер аккумуляторный Zitrek GreenCut 20 082-2002,https://glavsnab.net/trimmer-akkumulyatorniy-zitrek-greencut-20-082-2002.html,4038
975302,Нож для газонокосилки Makita 1913G8-3 380 мм,https://glavsnab.net/nozh-dlya-gazonokosilki-makita-1913g8-3-380-mm.html,2010.0000
500939,Триммер бензиновый Huter GGT-2900T,https://glavsnab.net/trimmer-benzinoviy-huter-ggt-2900t.html,10791.0000
917701,Бензорез TOR JH350 1026341,https://glavsnab.net/benzorez-tor-jh350-1026341.html,38967.0000
878185,Мотоблок бензиновый Elitech КБ 600 ,https://glavsnab.net/motoblok-benzinoviy-elitech-kb-600.html,43990.0000
975493,Цепь пильная Makita 90PX 191H03-4 400 мм 3/8 дюйма 56 звеньев,https://glavsnab.net/cep-pilnaya-makita-90px-191h03-4-400-mm-3-8-dyuyma-56-zvenev.html,1550.0000
501300,Пила цепная электрическая Ресанта ЭП-1814П 70/10/11,https://glavsnab.net/pila-cepnaya-elektricheskaya-resanta-ep-1814p-70-10-11.html,7690.0000
942053,Нож Gigant SAF-09 370 мм ,https://glavsnab.net/nozh-gigant-saf-09-370-mm.html,594.0000
501146,Мотокультиватор бензиновый Ресанта МБ-7000-10 70/5/37,https://glavsnab.net/motokultivator-benzinoviy-resanta-mb-7000-10-70-5-37.html,38637.0000
956627,Машина сельскохозяйственная Huter МК-7000P-10-4х2,https://glavsnab.net/mashina-selskokhozyaystvennaya-huter-mk-7000p-10-4kh2.html,37611.0000
509073,Бензопила Зубр Мастер ПЦЛ-3635,https://glavsnab.net/benzopila-zubr-master-pcl-3635.html,15050.0000
956602,Триммер аккумуляторный Huter GET-40-3Li ,https://glavsnab.net/trimmer-akkumulyatorniy-huter-get-40-3li.html,16690.0000
180312,Шина для цепного высотореза GreenWorks,https://glavsnab.net/shina-dlya-cepnogo-visotoreza-greenworks.html,1150.0000
907474,Газонокосилка сетевая Steher LM-38-1700 1700 Вт,https://glavsnab.net/gazonokosilka-setevaya-steher-lm-38-1700-1700-vt.html,11456
522158,Мотобур Зубр МБ1-150 d 60 43 см3,https://glavsnab.net/motobur-zubr-mb1-150-d-60-43-sm3.html,18470.0000
970674,Кусторез аккумуляторный Makita UN460WDWA,https://glavsnab.net/kustorez-akkumulyatorniy-makita-un460wdwa.html,22990.0000
258341,Пила цепная электрическая Champion 118-14,https://glavsnab.net/pila-tsepnaya-elektricheskaya-champion-118-14.html,6090.0000
908177,Мотоблок Зубр МТБ-300 У,https://glavsnab.net/motoblok-zubr-mtb-300-u.html,46190.0000
826672,"Леска для триммера Волат звездочка 51020-04 2,4 мм 15 м ",https://glavsnab.net/leska-dlya-trimmera-volat-zvezdochka-51020-04-2-4-mm-15-m.html,26.0000
975377,Кусторез аккумуляторный Makita DUH602Z,https://glavsnab.net/kustorez-akkumulyatorniy-makita-duh602z.html,51496.0000
918563,Скарификатор-аэратор Deko DKESC380 065-1204 1800 Вт 380 мм,https://glavsnab.net/skarifikator-aerator-deko-dkesc380-065-1204-1800-vt-380-mm.html,14482
859780,Мотобур Champion AG364,https://glavsnab.net/motobur-champion-ag364.html,20390.0000
975436,Нож для триммера Makita 380224180 8 зуба 200x20 мм,https://glavsnab.net/nozh-dlya-trimmera-makita-380224180-8-zuba-200x20-mm.html,420.0000
500941,Бензопила Ресанта БП-4516 ,https://glavsnab.net/benzopila-resanta-bp-4516.html,10490.0000
933155,Триммер бензиновый Ayger GTA-520,https://glavsnab.net/trimmer-benzinovyy-ayger-gta-520.html,1638.0000
501306,Пила цепная электрическая Huter ELS-2200P 70/10/6,https://glavsnab.net/pila-cepnaya-elektricheskaya-huter-els-2200p-70-10-6.html,6127.0000
956587,Диск лезвие для садовых триммеров Huter GTD-3T 255 мм,https://glavsnab.net/disk-lezviye-dlya-sadovykh-trimmerov-huter-gtd-3t-255-mm.html,520.0000
887162,Снегоуборщик Patriot 426109603 PS 603E,https://glavsnab.net/snegouborschik-patriot-426109603-ps-603e.html,64390.0000
901192,"Леска для триммера Fit 77965 1,5 мм звездочка 15 м ",https://glavsnab.net/leska-dlya-trimmera-fit-77965-1-5-mm-zvezdochka-15-m.html,82.0000
520449,Шина для бензопилы Зубр 70201-35 14 дюймов,https://glavsnab.net/shina-dlya-benzopily-zubr-70201-35-14-dyuymov.html,717
956550,Цепь для цепной пилы С5 Huter 71/4/15,https://glavsnab.net/cep-dlya-cepnoy-pili-s5-huter-71-4-15.html,668.0000
907488,Пила электрическая цепная Steher ES-2040,https://glavsnab.net/pila-elektricheskaya-cepnaya-steher-es-2040.html,6799
535019,Триммер бензиновый Eurolux TR-2500S,https://glavsnab.net/trimmer-benzinoviy-eurolux-tr-2500s.html,6816.0000
970617,Пила цепная Makita DUC302Z аккумуляторная без АКБ и ЗУ,https://glavsnab.net/pila-cepnaya-makita-duc302z-akkumulyatornaya-bez-akb-i-zu.html,23990.0000
338267,Культиватор бензиновый Зубр МКТ-200,https://glavsnab.net/kultivator-benzinoviy-zubr-mkt-200.html,35670.0000
908059,Триммер электрический Steher SEB-42-1700 1700 Вт,https://glavsnab.net/trimmer-elektricheskiy-steher-seb-42-1700-1700-vt.html,9973
856939,Триммер аккумуляторный Deko DKTR40 063-4230,https://glavsnab.net/trimmer-akkumulyatornyy-deko-dktr40-063-4230.html,9970
975421,Нож для газонокосилки Makita YA00000734 410 мм,https://glavsnab.net/nozh-dlya-gazonokosilki-makita-ya00000734-410-mm.html,1340.0000
500937,Триммер бензиновый Huter GGT-2500S PRO,https://glavsnab.net/trimmer-benzinoviy-huter-ggt-2500s-pro.html,10791.0000
918035,Бензопила TOR FS5218 1026854,https://glavsnab.net/benzopila-tor-fs5218-1026854.html,6638.0000
878209,Удлинитель шнека Fubag EX500 838283 500 мм,https://glavsnab.net/udlinitel-shneka-fubag-ex500-838283-500-mm.html,1140.0000
975491,Цепь пильная Makita 90PX 191H02-6 350 мм 3/8 дюйма 52 звеньев,https://glavsnab.net/cep-pilnaya-makita-90px-191h02-6-350-mm-3-8-dyuyma-52-zvenev.html,1550.0000
501163,Мотокультиватор бензиновый Huter MK-8000В 70/5/14,https://glavsnab.net/motokultivator-benzinovyy-huter-mk-8000v-70-5-14.html,41121.0000
939999,Цепь для электро и бензопил Зубр 70304-40 3/8 дюйма 56 звеньев,https://glavsnab.net/cep-dlya-elektro-i-benzopil-zubr-70304-40-3-8-dyuyma-56-zvenev.html,491
501153,Мотокультиватор бензиновый Huter MK-7000С 70/5/20,https://glavsnab.net/motokultivator-benzinoviy-huter-mk-7000s-70-5-20.html,32301.0000
956551,Леска Huter TS3012 витой квадрат,https://glavsnab.net/leska-huter-ts3012-vitoy-kvadrat.html,353.0000
956492,Электропила Eurolux ELS-1500P,https://glavsnab.net/elektropila-eurolux-els-1500p.html,4299.0000
180313,Шина для электропилы Greenworks 29577 25 см,https://glavsnab.net/shina-dlya-pili-greenworks.html,1250.0000
907602,Газонокосилка сетевая Зубр ГС-33-1310 1300 Вт,https://glavsnab.net/gazonokosilka-setevaya-zubr-gs-33-1310-1300-vt.html,10720.0000
970621,Коса аккумуляторная Makita LXT BL DUR190UZX3 18 В,https://glavsnab.net/kosa-akkumulyatornaya-makita-lxt-bl-dur190uzx3-18-v.html,37398.0000
907986,Кусторез Raco 4210-53/212 H212 630-840 мм ,https://glavsnab.net/kustorez-raco-4210-53-212-h212-630-840-mm.html,4655
826781,Леска для триммера Волат круглое сечение 51010-01 2 мм 15 м,https://glavsnab.net/leska-dlya-trimmera-volat-krugloe-sechenie-51010-01-2-mm-15-m.html,51.0000
975375,Кусторез аккумуляторный Makita DUH502Z,https://glavsnab.net/kustorez-makita-duh502z.html,50344.0000
442033,Цепь Makita 196213-0 400 см,https://glavsnab.net/tsep-makita-196213-0-40-mm.html,1533
918672,Триммер-газонокосилка аккумуляторный Zitrek GreenCut 20 Pro 082-2005,https://glavsnab.net/trimmer-gazonokosilka-akkumulyatorniy-zitrek-greencut-20-pro-082-2005.html,4792
859778,Мотобур Champion AG252,https://glavsnab.net/motobur-champion-ag252.html,20090.0000
975434,"Нож для триммера Makita D-66008 4 зуба 230x25,4 мм",https://glavsnab.net/nozh-dlya-trimmera-makita-d-66008-4-zuba-230x25-4-mm.html,780.0000
936034,Удлинитель шнека для мотобуров Зубр 7050-100 1000 мм ,https://glavsnab.net/udlinitel-shneka-dlya-motoburov-zubr-7050-100-1000-mm.html,1454
887155,Снегоуборщик Champion ST1170BS,https://glavsnab.net/snegouborschik-champion-st1170bs.html,143390.0000
501304,Пила цепная электрическая Huter ELS-1500P 70/10/4,https://glavsnab.net/pila-tsepnaya-elektricheskaya-huter-els-1500p-70-10-4.html,5590.0000
956564,Грунтозацеп для окучивания Huter 600/130 для МК-7000/МК-7500/МК-8000 2 шт,https://glavsnab.net/gruntozatsep-dlya-okuchivaniya-huter-600-130-dlya-mk-7000-mk-7500-mk-8000.html,5500.0000
887157,Снегоуборщик Champion STT1170E,https://glavsnab.net/snegouborschik-champion-stt1170e.html,136590.0000
901233,"Леска для триммера Fit 78001 2,5 мм звездочка 15 м ",https://glavsnab.net/leska-dlya-trimmera-fit-78001-2-5-mm-zvezdochka-15-m.html,120.0000
956571,Цепь для цепной пилы С3 Huter Prof/72 71/4/21,https://glavsnab.net/cep-dlya-cepnoy-pili-s3-huter-prof-72-71-4-21.html,848.0000
907734,Пила электрическая цепная Зубр  ПЦ-2440,https://glavsnab.net/pila-elektricheskaya-cepnaya-zubr-pc-2440.html,11440.0000
535016,Триммер бензиновый Huter GGT-1500TX,https://glavsnab.net/trimmer-benzinoviy-huter-ggt-1500tx.html,8721.0000
970667,Пила цепная Makita CXT BL 12В UC100DZ аккумуляторная без АКБ и ЗУ,https://glavsnab.net/pila-cepnaya-makita-cxt-bl-12v-uc100dz-akkumulyatornaya.html,25890.0000
908056,Измельчитель садовый электрический Steher ESR-2500 2500 Вт ,https://glavsnab.net/izmelchitel-sadoviy-elektricheskiy-steher-esr-2500-2500-vt.html,11830
975419,Нож для газонокосилки Makita 191V96-5 530 мм,https://glavsnab.net/nozh-dlya-gazonokosilki-makita-191v96-5-530-mm.html,2920.0000
500936,Триммер бензиновый Huter GGT-2500T PRO,https://glavsnab.net/trimmer-benzinoviy-huter-ggt-2500t-pro.html,10791.0000
920021,Пила цепная бензиновая Patriot PT3816 220105510,https://glavsnab.net/pila-cepnaya-benzinovaya-patriot-pt3816-220105510.html,9990.0000
878145,Триммер бензиновый Fubag FPT 52R 41049,https://glavsnab.net/trimmer-benzinoviy-fubag-fpt-52r-41049.html,13700.0000
975489,"Цепь пильная Makita 80TXL 1910V6-4 100 мм 0,325 дюйма 26 звеньев",https://glavsnab.net/cep-pilnaya-makita-80txl-1910v6-4-100-mm-0-325-dyuyma-26-zvenev.html,1130.0000
501179,Снегоуборщик бензиновый Huter SGC 4000 L,https://glavsnab.net/snegouborschik-benzinoviy-huter-sgc-4000-l.html,54190.0000
940002,"Цепь для бензопил Зубр 70305-45 0,325 дюйма 72 звена",https://glavsnab.net/cep-dlya-benzopil-zubr-70305-45-0-325-dyuyma-72-zvena.html,727
501156,Мотокультиватор бензиновый Huter MK-7500-10 70/5/12,https://glavsnab.net/motokultivator-benzinoviy-huter-mk-7500-10-70-5-12.html,38511.0000
956569,Леска Huter TS2015 витой квадрат,https://glavsnab.net/leska-huter-ts2015-vitoy-kvadrat.html,204.0000
956755,Сцепка универсальная регулируемая Huter для GMC/MK,https://glavsnab.net/stsepka-universalnaya-reguliruemaya-huter-dlya-gmc-mk.html,1366.0000
180317,Цепь для цепной пилы Greenworks 29587 25 см,https://glavsnab.net/tsep-dlya-pily-greenworks-25-sm.html,1150.0000
907478,Газонокосилка бензиновая самоходная Steher GLM-510p,https://glavsnab.net/gazonokosilka-benzinovaya-samohodnaya-steher-glm-510p.html,36393
521298,Колышки садовые Grinda 422319 200мм 10шт,https://glavsnab.net/kolyshki-sadovyye-grinda-422319-200mm-10sht.html,115
970511,"Головка триммерная полуавтоматическая Makita 191D89-4 М10x1,25LH 2 мм",https://glavsnab.net/golovka-trimmernaya-poluavtomaticheskaya-makita-191d89-4-m10x1-25lh-2-mm.html,1550.0000
254123,Газонокосилка аккумуляторная Greenworks G40LM40 без аккумулятора и зарядного устройства,https://glavsnab.net/gazonokosilka-akkumulyatornaya-greenworks-g40lm40-bez-akkumulyatora-i-zaryadnogo-ustroystva.html,21990.0000
908091,Снегоуборщик бензиновый Extrem Steher GST-772E 72 см ,https://glavsnab.net/snegouborschik-benzinoviy-extrem-steher-gst-772e-72-sm.html,88260.0000
826762,Леска для триммера Волат звездочка 51010-04 2 мм 15 м ,https://glavsnab.net/leska-dlya-trimmera-volat-zvezdochka-51010-04-2-mm-15-m.html,46.0000
975337,"Головка триммерная Makita 199868-0 с пластиковыми ножами М10х1,25LH",https://glavsnab.net/golovka-trimmernaya-makita-199868-0-s-plastikovimi-nozhami-m10h1-25lh.html,3230.0000
441161,Триммер аккумуляторный Makita DUR190LZX3 ,https://glavsnab.net/trimmer-akkumulyatornyy-makita-dur190lzx3.html,34522.0000
918659,Пила цепная аккумуляторная  Zitrek GreenSaw 20 Pro 082-1852,https://glavsnab.net/pila-cepnaya-akkumulyatornaya-zitrek-greensaw-20-pro-082-1852.html,7370
859776,Мотобур Champion AG152B,https://glavsnab.net/motobur-champion-ag152b.html,12990.0000
975432,"Нож для триммера Makita 195298-3 3 зуба 230x25,4 мм",https://glavsnab.net/nozh-dlya-trimmera-makita-195298-3-3-zuba-230x25-4-mm.html,1270.0000
501032,Дровокол электрический Huter HLS-5500,https://glavsnab.net/drovokol-elektricheskiy-huter-hls-5500.html,30790.0000
901249,Леска для садовых триммеров Fit 78038 армированная алюминием звезда 3 мм 15 м,https://glavsnab.net/leska-dlya-sadovih-trimmerov-fit-78038-armirovannaya-alyuminiem-zvezda-3-mm-15-m.html,214.0000
958068,"Леска триммерная Fubag FQ 38745 сечение витой квадрат 2,4 мм 15 м",https://glavsnab.net/leska-trimmernaya-fubag-fq-38745-sechenie-vitoy-kvadrat-2-4-mm-15-m.html,252.0000
535014,Триммер бензиновый Huter GGT-1500SX ,https://glavsnab.net/trimmer-benzinovyy-huter-ggt-1500sx.html,8631.0000
908062,Культиватор бензиновый Steher GK-150,https://glavsnab.net/kultivator-benzinoviy-steher-gk-150.html,25228
908178,Мотоблок Зубр МТБ-400 У,https://glavsnab.net/motoblok-zubr-mtb-400-u.html,48580.0000
431230,Триммер электрический Makita UR3501,https://glavsnab.net/trimmer-elektricheskiy-makita-ur3501.html,19273.0000
975408,Насадка нож для аккумуляторных ножниц Makita 191N24-2,https://glavsnab.net/nasadka-nozh-dlya-akkumulyatornykh-nozhnits-makita-191n24-2.html,2250.0000
859588,Воздуходувка-пылесос электрическая Champion EB3510,https://glavsnab.net/vozduhoduvka-pilesos-elektricheskaya-champion-eb3510.html,4590.0000
920411,Триммер бензиновый Oasis Eco TB-250P,https://glavsnab.net/trimmer-benzinoviy-oasis-eco-tb-250p.html,7599.0000
500930,Бензиновый триммер Ресанта БТР-1900Р 70/2/38,https://glavsnab.net/benzinoviy-trimmer-resanta-btr-1900r-70-2-38.html,8991.0000
975458,Пила цепная аккумуляторная Makita XPT DUC357Z,https://glavsnab.net/pila-cepnaya-akkumulyatornaya-makita-xpt-duc357z.html,23990.0000
880291,Пила цепная Felisatti ПЦБ-20/58Л1 331.5.0.00,https://glavsnab.net/pila-cepnaya-felisatti-pcb-20-58l1-331-5-0-00.html,11964.0000
940012,"Катушка для триммера Зубр КТ-10У М10х1,25 LH 71110",https://glavsnab.net/katushka-dlya-trimmera-zubr-kt-10u-m10h1-25-lh-71110.html,599
956553,Карбюратор для бензиновых триммеров Huter GGT-1300-2900,https://glavsnab.net/karbyurator-dlya-benzinovykh-trimmerov-huter-ggt-1300-2900.html,1221.0000
902278,Комплект ремонтный Fit 81196 универсальный 50 шт ,https://glavsnab.net/komplekt-remontnyy-fit-81196-universalnyy-50-sht.html,813.0000
956534,Триммер бензиновый Huter GGT-2900S Pro с антивибрационной системой,https://glavsnab.net/trimmer-benzinoviy-huter-ggt-1500sx.html,12771.0000
508824,Триммер электрический Зубр Мастер ТСВ-38-1300,https://glavsnab.net/trimmer-elektricheskiy-zubr-master-tsv-38-1300.html,8780.0000
907465,"Триммер бензиновый Steher BT-2500 2,5 кВт ",https://glavsnab.net/trimmer-benzinoviy-steher-bt-2500-2-5-kvt.html,9737
970607,Нож для газонокосилки Makita PLM5113N DA00000973 510 мм,https://glavsnab.net/nozh-dlya-gazonokosilki-makita-plm5113n-da00000973-510-mm.html,1912.0000
970669,Пила цепная Makita UC4050A электрическая,https://glavsnab.net/pila-cepnaya-makita-uc4050a-elektricheskaya.html,23390.0000
856453,Мотобур бензиновый Deko DKGA52 018-1112 52 см3 без шнека,https://glavsnab.net/motobur-benzinovyy-deko-dkga52-018-1112-52-sm3-bez-shneka.html,10534
918632,Воздуходувка садовая аккумуляторная  Zitrek ZKBL20 082-2010,https://glavsnab.net/vozduhoduvka-sadovaya-akkumulyatornaya-zitrek-zkbl20-082-2010.html,3355
501124,Измельчитель садовый Huter 70/13/11 ESH-2500,https://glavsnab.net/izmelchitel-sadovyy-huter-70-13-11-esh-2500.html,12990.0000
975303,Нож для газонокосилки Makita 1913H4-8 430 мм,https://glavsnab.net/nozh-dlya-gazonokosilki-makita-1913h4-8-430-mm.html,2130.0000
878142,Триммер бензиновый Fubag FPT 33R 41045,https://glavsnab.net/trimmer-benzinoviy-fubag-fpt-33r-41045.html,9630.0000
917917,Мотобур TOR JH52-1 1027870 без шнека,https://glavsnab.net/motobur-tor-jh52-1-1027870-bez-shneka.html,14472.0000
501087,Мотокультиватор Huter 70/5/21 GMC-6.8,https://glavsnab.net/motokultivator-huter-70-5-21-gmc-6-8.html,28767.0000
975494,Шайба для фиксации ножа Makita 346084-7 М10 50 мм,https://glavsnab.net/shayba-dlya-fiksatsii-nozha-makita-346084-7-m10-50-mm.html,130.0000
941055,Двигатель для садовой техники Зубр 707110-1,https://glavsnab.net/dvigatel-dlya-sadovoy-tekhniki-zubr-707110-1.html,12445
501126,Садовый измельчитель Huter ESH-2800PRO,https://glavsnab.net/sadoviy-izmelchitel-huter-esh-2800pro.html,29490.0000
956538,Окучник высокий Huter 71/3/61 для мотоблоков и мотокультиваторов МК/GMC,https://glavsnab.net/okuchnik-vysokiy-huter-71-3-61-dlya-motoblokov-i-motokultivatorov-mk-gmc.html,1849.0000
901465,Леска для садовых триммеров Fit 78036 звезда армированная алюминием 2 мм 15 м,https://glavsnab.net/leska-dlya-sadovykh-trimmerov-fit-78036-zvezda-armirovannaya-alyuminiyem-2-mm-15-m.html,96.0000
958070,"Леска триммерная Fubag FR 38742 2,4 мм 60 м",https://glavsnab.net/leska-trimmernaya-fubag-fr-38742-2-4-mm-60-m.html,884.0000
501038,Измельчитель кормов электрический Вихрь ЗД-400К 74/2/4,https://glavsnab.net/izmelchitel-kormov-elektricheskiy-vihr-zd-400k-74-2-4.html,7290.0000
908176,Культиватор бензиновый Зубр МКЛ-100,https://glavsnab.net/kultivator-benzinovyy-zubr-mkl-100.html,19660.0000
908068,Мотоблок Steher GT-300 L,https://glavsnab.net/motoblok-steher-gt-300-l.html,31717
338259,Мотобур бензиновый Зубр МБ1-200,https://glavsnab.net/motobur-benzinoviy-zubr-mb1-200.html,19650.0000
975378,Кусторез штанговый аккумуляторный Makita UN460WDZ,https://glavsnab.net/kustorez-shtangoviy-akkumulyatorniy-makita-un460wdz.html,23012.0000
859584,Воздуходувка бензиновая Champion GBR376,https://glavsnab.net/vozduhoduvka-benzinovaya-champion-gbr376.html,23990.0000
918666,"Секатор аккумуляторный Zitrek GreenNer 20 082-1855 20 В 1,5 Ач",https://glavsnab.net/sekator-akkumulyatornyy-zitrek-greenner-20-082-1855-20-v-1-5-ach.html,4765
500929,Бензиновый триммер Ресанта БТР-1900П 70/2/39,https://glavsnab.net/benzinoviy-trimmer-resanta-btr-1900p-70-2-39.html,10190.0000
975437,"Нож для триммера Makita D-73324 8 зуба 230x25,4 мм",https://glavsnab.net/nozh-dlya-trimmera-makita-d-73324-8-zuba-230x25-4-mm.html,830.0000
878135,Цепь пильная Husqvarna X-Cut S35G 5856395-72 47 см 72 звена,https://glavsnab.net/cep-pilnaya-husqvarna-x-cut-s35g-5856395-72-47-sm-72-zvena.html,2229.0000
940011,"Катушка для триммера Зубр КТ-10 М10х1,25 LH 71105",https://glavsnab.net/katushka-dlya-trimmera-zubr-lh-71105-kt-10-m10-1-25-mm.html,393
956589,Диск лезвие для садовых триммеров Huter GTD-40T 255 мм,https://glavsnab.net/disk-lezvie-dlya-sadovih-trimmerov-huter-gtd-40t-255-mm.html,761.0000
887163,Снегоуборщик Patriot PS 707 426109707,https://glavsnab.net/snegouborschik-patriot-ps-707-426109707.html,77890.0000
956566,Триммер аккумуляторный Huter GET-40-4Li,https://glavsnab.net/trimmer-akkumulyatorniy-huter-get-40-4li.html,15594.0000
907475,Газонокосилка сетевая Steher LMC-42-2000 2000 Вт,https://glavsnab.net/gazonokosilka-setevaya-steher-lmc-42-2000-2000-vt.html,12616
970672,Кусторез электрический Makita UH4261,https://glavsnab.net/kustorez-elektricheskiy-makita-uh4261.html,24163.0000
600741,Воздуходувка-пылесос электрическая Max Pro 85273 400 Вт,https://glavsnab.net/vozdukhoduvka-pylesos-elektricheskaya-max-pro-85273-400-vt.html,3480.0000
964790,Снегоуборщик электрический Gigant SP-2300-460ES,https://glavsnab.net/snegouborschik-elektricheskiy-gigant-sp-2300-460es.html,18900.0000
964789,Снегоуборщик электрический Gigant SP-1500-280ES,https://glavsnab.net/snegouborshchik-elektricheskiy-gigant-sp-1500-280es.html,7144.0000
UC3550A,Пила цепная Makita UC3550A электрическая,https://glavsnab.net/pila-cepnaya-makita-uc3550a-elektricheskaya.html,По запросу
